organisation_name,organisation_id,1,2,3,4,5,6,7,8,9,10,14,15,16,17,18,19,20,21,22,23,26,27,28,29,30,31,32,33,34,35,36,37,38,39,40,41,42,43,44,45,46,47,48,49,50,54,55,56,62,57,58,59,60,61,67,68,69,70,71,72,73,74,75,76,77,78,79,80,81,82,83,84,85,86,87,88,103,89,90,91,92,93,94,95,96,97,98,99,100,105,106,107,108,109,110,111,112,113,114,117,118,119,123,124,125,126,127,141,142,143,144,145,146,147,148,149,150,151,152,153,154,155,156,157
Aintree University Hospital NHS Foundation Trust,REM,100,75,100,75,100,100,100,100,100,100,100,75,75,75,75,75,75,75,75,74,100,75,75,75,75,100,100,100,50,50,50,100,100,100,50,75,100,75,0,50,0,0,,0,20,100,80,80,100,100,50,75,100,100,80,100,100,60,100,75,100,75,60,100,100,100,100,100,75,75,100,100,75,100,100,20,40,75,25,75,75,50,75,100,75,20,50,75,75,50,50,75,50,0,0,0,0,100,100,0,50,0,100,100,0,100,0,87,0,0,75,75,50,100,100,100,75,100,100,100,100,100,100,100
Airedale NHS Trust,RCF,100,100,100,100,100,100,100,100,75,100,100,75,100,75,100,100,75,100,100,71,75,75,100,100,100,40,20,20,50,0,50,100,100,75,75,75,75,75,25,75,0,100,100,50,100,60,80,80,100,100,75,25,75,80,20,100,0,20,50,100,75,0,0,50,75,100,100,100,75,75,50,100,75,100,100,0,0,75,25,50,100,0,50,100,25,0,25,50,25,100,100,25,100,75,75,75,75,50,50,50,100,50,100,100,50,50,0,100,0,0,75,100,50,75,75,75,75,50,100,75,100,75,75,75
Alder Hey Childrens NHS Foundation Trust,RBS,100,75,100,100,100,100,100,100,100,75,100,75,50,75,75,100,100,75,50,83,50,50,75,75,75,40,100,100,0,100,100,75,75,50,75,75,25,25,25,25,25,25,25,0,20,100,80,60,100,25,25,25,25,40,100,100,100,80,75,75,25,75,0,25,50,100,100,60,75,25,75,75,25,80,100,80,60,25,25,25,75,75,25,75,75,0,25,75,75,25,75,100,25,,25,75,75,25,25,50,75,25,75,75,25,25,25,100,0,0,0,50,0,100,100,75,50,75,75,75,25,100,100,100
Ashford and St Peters Hospitals NHS Foundation Trust,RTK,75,75,75,75,50,100,100,75,100,100,100,50,100,75,25,100,100,100,75,85,50,75,50,100,100,20,100,40,0,50,50,25,25,0,50,0,25,25,0,25,0,25,0,0,20,20,0,80,100,0,100,75,0,100,80,60,60,60,50,25,50,0,0,25,25,100,100,80,25,25,0,75,25,20,20,20,100,0,25,25,25,25,25,25,0,0,0,100,0,0,75,75,0,,0,25,0,50,75,25,75,0,100,100,0,75,25,100,0,0,0,0,0,75,75,75,50,50,100,100,75,75,50,75
"Barking, Havering and Redbridge Hospitals NHS Trust",RF4,100,25,75,75,75,100,100,50,50,25,25,0,25,25,25,75,50,50,25,74,75,25,75,75,75,0,0,0,,,,,,,,,,0,0,,,,,0,,40,0,20,80,75,75,75,25,0,0,20,0,0,100,100,75,0,20,0,0,100,100,20,25,0,0,75,25,0,80,0,100,0,0,0,0,0,100,0,0,0,0,0,0,25,25,0,75,,0,0,0,0,75,25,25,0,75,0,0,100,0,70,0,0,25,0,25,100,0,25,0,75,75,25,25,25,0,100
Barnsley Hospital NHS Foundation Trust,RFF,75,75,75,100,100,100,100,100,100,75,100,100,75,100,75,75,25,50,50,73,75,75,100,75,100,0,20,40,,,,25,25,25,25,0,0,0,0,25,0,0,0,0,20,20,20,20,80,75,75,75,75,0,0,100,0,0,75,75,75,50,0,50,75,100,100,100,75,75,50,75,0,0,0,0,80,0,0,0,0,0,0,0,0,0,0,75,0,50,75,0,0,0,0,0,0,0,0,0,25,0,75,0,0,100,0,100,0,0,0,75,0,100,0,0,100,50,100,100,100,75,100,50
Barts Health NHS Trust,R1H,25,,25,50,75,75,100,75,100,50,25,25,25,50,0,25,75,75,0,77,75,75,75,50,50,80,20,0,50,50,,75,75,75,25,50,25,50,0,75,0,75,75,0,40,60,20,20,80,50,75,75,75,60,20,100,100,40,100,75,75,100,0,75,75,100,100,80,50,75,50,75,25,0,20,0,100,0,0,0,0,0,0,0,0,0,0,0,0,25,75,25,75,,75,25,0,50,0,25,0,0,50,0,50,75,0,52,75,0,25,0,0,25,25,0,0,50,25,0,50,50,0,0
Basildon and Thurrock University Hospitals NHS Foundation Trust,RDD,50,,75,100,75,50,100,75,50,50,100,50,50,75,50,75,100,100,50,71,75,75,50,75,75,100,60,100,50,50,50,100,25,25,75,50,75,0,0,50,25,0,0,0,60,100,80,80,80,25,75,25,75,20,20,0,0,0,,,,,60,,,100,100,80,25,75,50,75,50,0,80,0,20,0,0,,,,,25,75,20,25,100,25,75,100,50,25,0,50,25,0,50,100,25,75,0,25,25,75,100,25,87,50,25,75,100,75,75,75,50,25,50,100,100,100,100,100,75
Bedford Hospitals NHS Trust,RC1,75,75,100,100,75,75,100,100,50,75,50,25,50,75,75,75,100,75,50,69,75,75,100,100,75,60,40,40,50,50,0,50,50,25,50,25,25,25,0,25,0,0,0,0,80,20,0,20,100,25,50,25,50,20,20,80,0,0,50,75,75,50,0,25,75,100,0,20,50,50,25,75,75,100,100,20,0,75,25,50,75,75,75,100,100,0,75,100,100,25,50,0,25,,25,0,25,75,50,0,100,0,100,25,0,100,75,70,50,25,25,0,0,75,75,25,0,0,75,75,75,25,75,0
Birmingham Childrens Hospital NHS Foundation Trust,RQ3,100,100,100,100,100,100,100,100,100,75,100,75,75,100,75,100,100,100,75,84,100,50,100,75,75,20,20,0,100,100,,75,75,75,25,25,0,25,50,0,0,0,0,0,100,100,0,80,0,0,50,100,0,0,0,80,0,0,0,0,0,0,0,25,25,100,100,100,75,100,50,100,0,20,20,20,100,0,0,0,0,0,0,0,0,20,0,0,0,0,75,75,0,,0,0,50,50,50,25,75,25,100,75,25,75,50,100,0,25,75,75,50,100,100,75,75,75,100,75,75,75,100,100
Birmingham Womens NHS Foundation Trust,RLU,75,50,75,75,25,100,100,25,25,75,75,25,50,100,75,75,75,75,25,84,75,50,75,75,75,40,20,40,50,50,50,75,75,75,50,75,25,25,0,25,0,25,25,0,0,0,0,60,60,25,25,0,0,0,0,0,0,0,,,,,0,,0,100,100,20,25,100,0,75,0,0,0,0,0,,,,,,,0,0,0,0,0,,25,75,25,25,,50,50,50,25,25,0,75,0,75,25,0,100,0,100,0,75,0,0,25,100,100,75,75,50,100,100,100,100,75,100
Blackpool Teaching Hospitals NHS Foundation Trust,RXL,100,100,75,75,100,100,100,50,0,100,100,75,75,75,75,100,100,75,50,82,100,75,100,100,100,20,20,20,100,100,100,75,75,75,25,25,25,25,0,25,0,75,50,0,20,20,0,20,100,0,50,50,25,0,20,100,80,0,100,100,100,100,20,75,100,100,100,100,75,100,25,75,75,0,0,0,100,0,0,0,0,0,0,0,0,0,0,25,0,0,25,25,0,,0,0,0,0,0,25,25,25,0,25,0,100,25,100,0,50,0,,100,75,75,25,0,75,100,100,100,75,75,75
Bolton NHS Foundation Trust,RMC,50,,50,50,100,100,100,100,100,100,100,50,0,75,0,100,100,100,75,74,100,75,100,100,100,0,0,0,50,0,0,75,75,25,0,0,0,25,25,25,25,0,0,0,0,60,80,20,100,75,75,75,75,60,0,40,0,0,,75,75,75,0,75,100,100,100,40,75,100,25,75,75,0,100,20,0,25,0,25,25,0,75,0,0,0,0,0,0,0,0,0,0,,0,0,0,0,25,0,100,0,100,75,0,75,0,87,0,0,0,0,0,75,0,0,0,0,75,25,0,75,75,100
Bradford Teaching Hospitals NHS Foundation Trust,RAE,100,100,100,100,100,100,100,100,100,100,100,75,50,75,50,100,75,100,75,82,25,75,100,75,100,20,20,20,50,50,50,25,25,25,50,50,25,75,0,75,0,25,25,0,20,80,0,0,100,25,75,100,0,100,0,0,0,0,,,,,0,,0,100,100,60,25,50,0,75,100,0,0,0,0,,,,,,,0,0,0,0,0,,50,25,0,75,0,0,0,0,0,75,0,50,0,50,50,25,75,50,100,0,0,75,75,0,100,100,75,50,50,75,75,100,75,75,75
Brighton and Sussex University Hospitals NHS Trust,RXH,50,,75,25,50,75,100,75,75,75,75,75,25,25,50,75,75,50,25,66,75,50,50,75,50,20,40,20,0,0,0,75,75,0,25,25,25,25,25,25,25,25,0,0,20,20,20,40,100,100,75,75,75,100,20,20,20,0,75,0,50,25,100,75,75,100,100,100,25,25,50,75,0,20,100,20,100,25,0,25,0,25,0,0,0,0,0,0,0,0,50,50,25,,0,0,0,75,25,75,75,50,75,75,0,75,50,100,50,25,0,50,50,100,100,75,50,50,100,100,100,75,50,75
Buckinghamshire Healthcare NHS Trust,RXQ,75,75,75,75,100,100,100,100,100,100,75,75,25,100,75,100,75,75,75,80,75,75,100,100,100,100,20,20,0,0,0,75,50,25,25,25,50,25,0,25,0,0,0,0,20,60,20,20,100,25,0,0,25,20,20,60,100,20,0,0,25,50,20,25,25,100,100,20,50,100,25,50,50,20,20,20,100,0,0,50,0,0,50,0,0,20,0,0,0,0,25,0,25,,0,0,0,0,0,50,75,25,50,50,0,100,0,100,0,0,25,75,0,75,75,25,25,25,100,75,75,75,75,50
Burton Hospitals NHS Foundation Trust,RJF,75,,75,50,75,75,100,100,100,75,75,75,50,50,75,75,75,75,75,80,75,75,50,75,75,80,80,0,100,100,0,25,0,75,75,75,50,25,25,0,0,0,75,,40,20,20,80,0,0,25,75,50,0,60,60,60,60,75,75,75,75,80,75,50,80,80,80,75,75,50,75,75,100,60,60,80,75,75,75,75,75,75,75,75,80,75,75,75,50,50,50,50,50,50,50,50,75,75,0,25,0,0,0,0,75,75,87,0,50,75,75,25,0,0,25,0,0,75,75,75,75,75,75
Calderdale and Huddersfield NHS Foundation Trust,RWY,100,,100,75,75,100,100,100,100,75,100,75,100,75,75,100,100,75,75,78,50,75,50,50,75,60,80,60,50,100,100,75,25,0,25,25,25,25,0,25,0,0,0,0,40,60,20,60,80,25,75,75,0,100,20,100,100,100,75,0,75,50,0,75,75,100,100,100,100,75,0,100,75,0,0,0,100,0,0,0,0,25,0,0,0,0,0,0,0,25,25,75,75,,0,75,50,0,0,50,75,25,50,50,0,75,0,100,0,0,0,75,0,75,75,75,0,25,100,100,100,75,75,100
Cambridge University Hospitals NHS Foundation Trust,RGT,75,75,75,75,75,100,100,100,100,100,75,75,50,75,75,75,75,75,75,84,100,75,100,100,75,100,100,100,50,100,50,100,100,100,100,100,100,75,0,75,0,0,50,0,80,100,60,100,100,100,100,100,100,100,100,100,100,100,100,100,100,100,100,100,100,100,100,100,100,100,100,100,100,100,100,100,100,100,100,100,100,100,100,100,75,100,100,50,75,75,100,100,75,75,75,100,75,100,100,50,100,0,100,100,75,100,100,100,100,100,75,25,75,100,25,100,75,75,50,75,100,100,100,100
Central Manchester University Hospitals NHS Foundation Trust,RW3,100,100,100,100,100,100,100,100,100,100,100,100,100,100,75,100,100,100,100,75,100,100,75,100,100,40,100,60,50,100,50,75,75,75,50,50,25,50,50,25,25,75,50,25,100,20,20,100,60,25,75,75,75,80,80,100,100,80,100,100,100,100,60,75,100,100,100,100,100,100,75,100,75,20,20,20,80,25,50,75,25,75,75,25,25,0,75,25,0,25,75,100,50,,100,75,75,75,75,50,75,0,100,75,0,75,50,100,25,25,50,75,0,100,50,75,75,75,100,100,75,75,75,75
Chelsea and Westminster Hospital NHS Foundation Trust,RQM,75,100,100,75,100,75,100,100,100,75,75,75,75,100,75,100,75,100,50,85,100,75,75,100,100,80,40,60,50,100,50,75,100,50,75,75,25,25,25,50,75,25,75,25,80,60,40,60,100,50,75,25,50,100,80,100,100,100,100,75,100,100,80,75,75,100,100,100,75,100,75,75,100,100,100,100,100,75,75,100,75,25,75,100,100,0,50,75,75,25,75,50,25,,0,50,50,50,100,75,100,0,100,100,0,75,50,100,25,100,75,100,50,75,75,25,75,100,100,100,100,100,75,100
Chesterfield Royal Hospital NHS Foundation Trust,RFS,50,,75,75,100,50,100,25,0,75,75,75,75,0,50,25,75,50,50,66,75,25,100,75,75,40,20,40,50,50,50,25,25,50,25,25,0,50,50,0,0,50,0,0,20,80,0,20,80,75,75,25,25,60,20,100,100,20,25,75,100,75,20,75,25,100,100,60,75,100,75,100,100,100,100,80,100,75,25,75,50,25,0,75,75,100,75,0,75,50,75,25,25,0,0,0,0,50,50,0,75,0,75,50,25,75,0,100,25,50,0,50,0,25,0,0,75,0,100,100,75,75,50,75
City Hospitals Sunderland NHS Foundation Trust,RLN,75,75,100,75,50,75,100,100,75,75,75,75,75,75,75,100,100,75,75,86,75,100,100,100,100,60,60,100,50,50,100,100,100,75,75,100,50,25,25,100,75,25,0,0,100,100,100,40,100,0,100,100,100,0,40,100,100,100,100,100,100,100,0,100,100,100,100,100,75,100,50,100,50,100,100,80,20,75,25,75,100,75,75,100,100,0,75,75,75,75,100,50,25,75,75,100,100,100,75,0,75,25,50,50,25,25,50,100,25,75,75,100,25,100,25,75,100,100,100,75,75,100,100,100
Clatterbridge Cancer Centre NHS Foundation Trust,REN,100,100,100,100,75,100,100,100,75,75,75,75,75,75,75,25,75,75,75,80,50,75,25,75,75,60,60,60,100,100,100,100,75,75,75,100,50,100,0,75,0,75,0,0,80,100,100,20,20,25,100,100,75,20,0,100,0,0,75,75,75,25,0,50,25,100,100,0,75,75,50,75,75,20,20,100,100,75,100,100,100,100,75,100,75,0,75,50,25,75,75,75,25,75,25,75,50,75,50,25,100,75,100,100,50,75,25,100,0,0,0,75,0,100,100,75,75,50,100,75,50,25,50,50
Colchester Hospital University NHS Foundation Trust,RDE,25,,25,25,25,25,75,0,0,75,100,100,75,75,75,50,100,100,25,84,75,75,100,75,100,20,20,0,0,0,,25,25,50,50,25,0,25,25,25,25,0,0,0,0,0,0,20,100,100,0,25,75,0,0,0,0,0,,,,,0,,0,100,100,0,25,75,0,0,0,0,0,0,20,0,0,0,0,0,0,0,0,0,0,0,0,25,25,50,0,,0,0,0,0,0,0,100,0,75,75,75,100,0,0,0,25,25,0,0,100,0,25,75,25,100,75,75,100,75,75
Countess Of Chester Hospital NHS Foundation Trust,RJR,75,25,50,75,100,25,75,100,25,50,50,50,50,25,50,75,75,50,50,72,75,75,75,50,50,80,60,80,100,50,100,75,75,75,25,50,50,75,75,75,75,75,0,0,80,60,0,40,100,0,100,75,50,0,80,100,80,100,100,100,100,75,0,75,100,100,100,80,100,100,0,100,75,100,100,20,0,75,50,100,50,0,0,75,75,0,75,25,75,0,100,100,75,,0,0,0,75,50,50,75,25,25,50,0,25,25,100,0,75,0,75,0,100,100,50,25,75,100,75,75,75,75,75
County Durham and Darlington NHS Foundation Trust,RXP,75,75,100,75,75,75,100,75,75,100,100,75,100,75,75,100,100,100,100,90,100,75,100,100,100,100,60,60,50,100,100,75,75,25,50,50,50,50,25,50,25,50,50,0,40,20,20,60,100,50,50,50,50,100,60,60,80,40,50,25,50,75,,75,75,100,100,20,50,75,50,75,75,40,100,0,,25,25,25,75,75,50,100,25,,75,75,75,50,75,100,50,25,50,50,50,100,0,50,25,50,75,75,0,75,0,52,0,50,50,100,0,75,25,75,75,50,100,100,100,100,75,75
Croydon Health Services NHS Trust,RJ6,75,75,75,100,100,100,100,100,75,75,100,25,75,100,100,100,100,100,25,73,75,75,75,75,75,60,100,80,50,100,100,75,75,75,75,100,75,50,50,50,0,25,0,25,20,60,40,60,80,0,75,50,75,40,60,100,100,100,100,100,100,100,80,100,100,100,100,100,100,100,100,75,75,100,100,100,100,75,75,75,75,75,75,75,100,40,75,100,100,75,75,100,0,75,75,75,75,25,25,0,75,75,100,100,25,75,50,87,100,75,75,100,0,75,100,75,75,25,100,100,75,75,100,75
Dartford and Gravesham NHS Trust,RN7,100,75,100,100,75,100,100,100,75,100,25,75,75,75,100,100,100,100,75,75,75,75,75,75,75,20,0,0,50,,,100,50,50,50,75,50,50,0,75,0,50,50,0,0,0,0,40,100,0,100,75,25,0,80,100,100,20,100,75,100,100,100,75,75,100,100,40,75,75,25,100,75,20,100,20,20,25,25,25,25,25,,25,0,0,0,100,0,0,25,0,0,,75,0,0,0,0,0,75,75,25,0,75,100,0,100,25,0,100,0,75,100,25,75,75,50,100,100,100,100,100,50
Derby Hospitals NHS Foundation Trust,RTG,75,75,100,75,100,100,100,75,25,100,75,75,50,75,100,75,75,75,50,81,75,75,50,100,100,40,80,40,50,100,50,100,100,75,100,75,75,25,50,75,75,50,25,50,60,20,20,80,100,75,100,75,100,80,60,100,100,0,100,100,100,100,20,100,100,100,100,60,25,100,75,100,100,100,100,60,100,75,75,100,100,100,50,100,100,0,75,100,75,50,75,100,75,75,25,75,75,75,75,25,75,25,100,100,50,100,25,100,25,100,75,50,25,100,100,75,50,25,100,100,100,100,75,75
Doncaster and Bassetlaw Hospitals NHS Foundation Trust,RP5,75,75,75,75,100,75,100,25,25,75,75,50,75,75,75,100,75,75,25,71,100,75,25,100,100,80,20,20,50,50,50,75,75,25,25,25,0,25,0,25,0,25,0,0,20,60,20,100,40,25,75,75,75,40,80,80,80,0,75,75,75,75,100,50,50,100,100,40,75,75,25,75,75,80,80,0,100,75,25,75,75,0,0,75,75,0,50,75,50,0,50,0,0,,25,0,0,50,25,25,75,0,25,25,0,75,25,100,0,0,0,75,0,75,0,75,100,75,75,100,75,100,50,100
Dorset County Hospitals NHS Foundation Trust,RBD,75,75,100,50,100,100,75,100,25,75,25,50,75,75,75,100,75,75,25,89,75,75,50,50,50,40,100,40,50,100,50,100,75,75,50,25,0,25,0,0,25,0,0,0,40,40,20,40,100,50,25,0,0,20,20,100,100,40,50,50,75,75,100,0,50,100,100,20,25,50,50,50,100,100,60,100,100,75,75,75,100,75,50,75,50,20,25,75,0,25,50,75,25,,25,0,25,75,50,0,75,75,75,75,75,75,50,100,0,50,0,50,50,75,75,75,75,50,75,100,50,75,75,50
East and North Hertfordshire NHS Trust,RWH,75,100,75,75,100,50,100,100,75,75,75,75,50,75,25,50,100,100,75,85,75,50,75,50,50,40,20,40,50,50,0,75,75,0,75,0,0,0,0,0,0,0,0,0,20,20,60,60,20,25,25,25,50,20,20,80,100,20,0,25,25,0,0,75,75,100,100,0,0,25,0,75,50,20,80,20,100,0,25,0,0,25,0,25,0,0,0,0,0,25,25,50,0,,25,0,25,50,50,75,75,25,50,25,25,75,25,17,25,25,50,75,25,75,50,75,75,25,50,50,75,75,25,0
East Cheshire NHS Trust,RJN,50,,50,25,25,50,100,100,50,75,75,50,25,25,25,50,50,25,25,67,75,75,75,100,50,20,40,20,50,50,50,25,25,25,25,0,25,25,0,25,25,25,25,0,80,20,20,60,100,25,50,0,50,20,20,0,80,20,,,,,20,,25,60,60,20,25,25,25,25,25,20,100,0,100,25,25,0,25,0,0,25,0,0,0,25,0,50,25,50,0,25,0,25,25,0,25,0,25,0,100,50,25,25,0,100,75,0,0,75,25,25,0,50,25,25,0,100,100,50,0,25
East Kent Hospitals NHS Trust,RVV,100,75,100,75,50,50,100,100,100,50,100,75,25,50,75,100,100,75,75,73,50,25,75,25,75,40,100,80,50,100,50,100,100,75,75,75,25,25,0,0,0,0,0,0,20,20,20,20,100,100,25,100,50,100,,,,,100,75,75,25,100,75,50,100,100,100,100,100,100,100,0,0,0,0,20,0,0,0,0,0,0,0,0,0,0,0,0,75,75,100,100,25,,0,0,25,0,25,25,0,0,0,75,100,0,100,0,0,0,0,0,100,100,100,50,50,100,100,100,75,50,100
East Lancashire Hospitals NHS Trust,RXR,75,50,75,75,100,100,100,100,25,100,75,75,75,50,100,75,100,75,75,73,75,50,75,50,75,20,20,20,50,50,50,25,25,25,50,0,0,75,0,50,0,0,0,0,20,0,0,0,100,50,100,75,75,100,20,100,100,20,,25,100,100,20,0,100,100,100,80,25,50,0,75,75,20,100,0,100,0,25,25,100,50,0,25,25,20,0,100,25,0,50,0,0,,25,0,25,0,50,0,50,0,50,25,75,50,0,70,0,0,75,100,50,100,75,25,25,0,75,75,100,75,50,75
East Sussex Healthcare NHS Trust,RXC,75,75,75,75,100,50,100,100,50,75,75,75,50,0,75,75,100,100,75,71,25,50,75,50,50,20,80,40,50,100,0,75,50,25,50,75,25,25,25,75,75,0,0,0,80,0,20,20,80,0,75,75,50,80,60,100,20,20,75,25,0,50,80,25,75,100,100,80,75,75,0,100,75,20,0,0,100,0,75,0,0,0,0,0,0,0,0,0,0,50,50,75,25,0,0,0,25,0,0,0,75,0,25,25,0,100,0,87,0,0,0,25,25,100,50,75,0,25,75,75,100,75,75,75
Epsom and St Helier University Hospitals NHS Trust,RVR,25,,25,50,50,75,75,25,50,0,50,75,25,50,75,75,75,50,50,72,50,75,50,50,75,20,100,20,50,100,50,25,25,50,50,25,25,50,25,25,25,25,25,0,20,0,20,40,100,75,75,75,75,0,40,60,60,60,100,25,100,100,0,25,75,100,100,100,75,100,0,100,25,20,100,20,100,50,25,75,0,25,0,,50,0,0,0,25,25,25,50,0,,25,25,25,25,25,50,75,50,0,0,0,100,75,87,75,75,0,75,0,100,75,50,25,25,75,100,100,75,50,75
Frimley Health NHS Foundation Trust,RDU,100,50,100,75,75,100,100,75,75,75,25,100,75,50,100,100,100,100,75,73,50,75,50,50,75,20,20,0,50,50,,25,25,25,25,25,25,50,50,50,50,0,0,0,20,0,0,20,80,50,50,50,50,20,40,100,80,40,75,100,100,100,40,25,100,100,100,100,100,100,100,100,25,0,0,0,20,0,0,0,0,0,0,0,0,0,0,0,0,25,50,0,0,,25,0,0,100,100,0,50,0,100,100,50,100,50,100,100,75,75,0,0,75,100,50,75,75,100,100,100,100,75,75
Gateshead Health NHS Foundation Trust,RR7,100,75,100,75,100,100,100,100,100,75,75,75,75,75,75,100,100,100,75,93,50,75,75,75,75,20,100,20,50,100,50,75,50,25,25,50,0,25,25,25,50,0,0,0,20,60,0,20,100,0,75,75,75,20,0,100,100,80,75,75,75,0,80,100,25,100,100,80,75,75,75,75,0,0,0,0,0,,,,,,,0,0,0,0,0,,25,50,75,25,,25,0,25,25,75,0,50,0,50,50,0,75,25,100,50,75,75,25,0,100,100,75,75,25,100,100,100,25,25,0
George Eliot Hospital NHS Trust,RLT,25,,75,75,75,25,100,100,0,75,75,25,25,75,25,100,75,75,75,68,50,25,75,75,75,20,100,20,100,100,100,75,75,25,50,25,25,25,25,25,25,0,0,0,100,40,0,40,100,25,75,75,25,60,20,0,0,20,,,,,0,,0,100,100,60,25,75,0,75,25,0,100,0,100,0,0,0,0,0,0,0,0,0,0,25,0,0,50,75,25,,0,0,0,25,0,0,75,0,75,25,25,75,0,87,25,0,75,0,,75,100,75,75,50,100,100,100,25,25,0
Gloucestershire Hospitals NHS Foundation Trust,RTE,75,75,75,75,100,75,75,75,100,75,75,50,50,75,75,100,100,100,75,77,75,100,75,100,75,20,0,0,50,,,25,0,0,25,0,25,25,0,25,0,0,0,0,20,0,0,80,100,0,75,75,25,100,20,40,100,20,75,25,75,75,0,75,75,100,100,0,25,25,100,100,25,0,0,20,100,0,0,0,0,0,0,0,0,0,0,0,0,25,25,0,25,,0,0,0,25,0,25,25,0,0,0,75,75,25,87,0,0,0,50,0,100,100,50,100,0,25,75,75,75,50,75
Great Ormond Street Hospital For Children NHS Foundation Trust,RP4,50,,50,25,0,100,100,50,50,50,25,0,25,0,25,75,50,50,50,77,75,75,75,75,75,40,40,0,50,50,,25,25,0,25,25,25,0,0,0,25,0,0,0,40,0,0,60,0,0,25,25,0,0,0,0,0,0,,,,,20,,0,100,100,60,75,0,0,75,25,100,100,20,100,75,75,50,75,25,0,75,50,20,25,0,75,25,25,100,0,,0,0,0,0,0,25,25,0,75,0,75,75,50,35,0,0,0,0,0,75,75,75,25,25,25,100,75,25,25,50
Great Western Hospitals NHS Foundation Trust,RN3,100,75,75,75,100,75,100,100,100,100,100,75,75,0,75,100,100,100,75,77,50,75,75,75,50,20,20,20,50,50,0,75,75,50,50,50,50,25,25,75,25,0,0,0,100,20,20,40,80,75,75,75,50,80,0,0,100,0,75,75,25,50,60,50,25,100,100,0,75,75,0,50,75,80,100,60,80,75,25,75,75,75,75,75,50,0,50,50,50,50,100,0,50,0,0,25,0,100,0,25,50,25,100,50,25,25,25,87,0,0,75,0,25,50,50,25,50,25,75,100,50,100,100,50
Guys and St Thomas NHS Foundation Trust,RJ1,100,100,100,75,100,75,100,100,100,100,75,75,75,100,100,100,100,100,75,73,75,75,75,75,75,60,100,60,100,100,100,100,100,50,75,75,25,100,0,75,0,100,50,50,60,100,40,60,100,100,100,100,100,100,100,100,100,100,100,75,100,100,0,100,100,100,100,100,100,100,25,100,75,100,100,40,100,100,50,100,100,100,25,75,100,0,50,100,100,50,75,75,50,0,75,50,50,75,25,50,100,50,75,50,0,100,75,100,0,50,75,75,50,100,100,100,25,75,100,100,100,100,75,75
Hampshire Hospitals NHS Foundation Trust,RN5,50,,100,75,100,50,100,100,100,75,75,50,25,0,25,100,100,75,50,76,75,75,75,75,100,40,40,20,50,50,0,75,75,75,75,75,50,75,0,50,75,75,75,0,60,60,0,100,60,100,75,100,75,60,20,80,80,60,100,100,100,75,20,75,75,100,100,100,25,75,0,100,50,100,100,0,100,75,0,100,100,25,75,100,75,0,25,100,25,75,100,0,25,0,0,0,0,100,0,0,0,0,25,0,0,100,25,100,0,0,25,50,,100,100,100,100,75,50,100,100,75,50,25
Harrogate and District NHS Foundation Trust,RCD,75,75,75,75,100,100,100,25,0,100,100,75,50,100,25,100,100,100,100,84,75,75,75,100,75,20,20,20,50,50,50,25,25,0,50,0,0,25,0,25,0,0,0,0,20,40,0,0,100,0,50,25,50,40,20,100,100,0,75,50,75,0,20,75,25,100,100,100,50,100,0,75,75,100,100,0,100,50,0,75,100,100,25,50,75,0,25,100,100,0,50,75,25,,25,25,25,25,25,0,25,0,75,25,25,75,0,100,0,75,75,0,0,50,0,50,0,25,75,50,25,75,75,75
Heart Of England NHS Foundation Trust,RR1,75,50,50,50,100,50,50,100,25,50,75,50,50,75,25,50,75,75,50,68,25,75,50,75,100,20,20,20,50,50,50,75,75,75,50,25,0,25,0,75,75,0,25,0,80,100,20,60,40,0,75,75,75,20,20,100,100,80,100,100,50,75,80,50,50,100,100,40,75,75,100,100,75,100,100,40,20,75,25,75,75,25,0,75,75,20,75,75,75,0,0,0,25,,50,25,75,75,50,25,25,25,50,50,75,75,0,100,0,50,25,75,25,75,25,75,25,50,75,50,100,25,25,25
Hinchingbrooke Health Care NHS Trust,RQQ,75,50,50,75,75,25,25,75,50,25,75,25,25,25,0,0,75,75,25,79,75,100,50,100,100,100,20,0,100,50,,100,75,75,25,50,0,75,0,75,0,75,0,0,100,100,0,60,100,50,50,75,75,80,0,0,0,0,,,,,0,,25,100,100,60,75,25,0,75,75,20,100,20,60,25,50,50,75,75,75,50,50,0,0,50,25,50,75,75,75,0,50,50,50,75,50,0,100,0,50,25,75,100,0,87,0,50,75,25,0,100,100,75,0,75,75,100,75,75,0,25
Homerton University Hospital NHS Foundation Trust,RQX,75,75,75,75,100,75,75,100,75,100,100,75,75,75,50,75,75,75,75,77,75,75,50,75,75,60,80,60,50,100,50,75,75,75,75,75,75,25,0,25,0,25,25,0,40,20,0,80,80,0,100,100,100,20,20,80,80,60,100,100,100,100,20,75,100,100,100,60,75,75,75,75,75,100,100,80,100,75,75,100,100,100,50,100,50,20,100,100,75,75,75,75,0,100,75,100,75,75,75,0,25,0,75,75,50,100,50,100,100,75,75,0,75,50,50,25,0,50,75,100,100,100,100,75
Hull and East Yorkshire Hospitals NHS Trust,RWA,75,75,100,75,100,75,100,100,75,75,75,75,75,100,75,100,100,100,100,71,75,75,25,75,75,20,20,0,50,100,,25,25,25,25,25,0,25,0,75,50,0,0,0,40,60,20,100,100,75,75,75,25,20,20,100,100,20,100,25,75,75,0,75,25,100,100,20,25,50,0,50,100,0,20,20,80,25,0,25,25,25,75,25,0,0,0,0,0,0,75,25,0,,0,0,0,25,0,25,25,25,75,25,0,25,25,100,0,0,75,100,0,75,0,25,25,50,75,100,75,75,50,75
Imperial College Healthcare NHS Trust,RYJ,100,100,100,100,100,100,100,100,100,100,100,100,100,100,100,100,100,100,100,66,100,75,75,100,100,80,80,80,100,100,50,100,100,100,100,100,100,25,0,25,0,0,0,0,20,20,20,80,100,100,100,100,25,80,20,100,100,20,100,100,100,100,0,100,75,100,100,80,25,75,75,75,100,80,80,80,100,75,75,75,75,75,75,75,75,0,75,25,50,0,50,75,25,,50,50,75,25,75,25,25,25,75,25,0,75,50,87,75,75,75,75,25,100,100,75,50,25,100,100,100,100,50,75
Ipswich Hospital NHS Trust,RGQ,75,75,100,100,100,100,100,100,100,100,100,100,100,100,75,100,100,100,100,84,75,75,100,75,100,60,60,0,100,100,,75,75,75,75,50,50,75,25,50,25,75,50,25,20,20,20,60,100,75,50,100,50,100,40,40,40,40,100,100,100,100,20,75,75,100,100,60,25,75,25,75,50,0,0,0,100,0,0,0,0,0,0,0,0,0,0,0,0,0,0,0,0,,0,0,0,0,75,25,75,0,75,75,25,75,25,100,25,25,75,75,50,100,75,100,0,25,100,100,75,100,100,100
Isle Of Wight NHS Trust,R1F,75,50,25,75,100,25,100,25,0,25,25,75,25,25,25,25,50,50,75,86,50,75,50,50,50,40,80,0,50,100,,75,50,50,50,25,25,75,50,75,50,25,0,0,60,60,0,40,100,25,50,50,50,40,0,0,0,0,50,50,50,0,0,0,0,100,100,0,0,75,0,100,100,100,100,100,100,100,100,100,0,0,0,0,0,0,0,0,0,0,50,100,25,,25,75,,,,50,100,75,,,0,100,50,70,0,0,0,0,25,75,0,50,25,25,100,100,50,50,25,25
James Paget University Hospitals NHS Foundation Trust,RGP,25,,75,75,100,25,50,25,0,25,100,50,75,50,25,50,75,75,75,70,75,75,50,50,75,80,40,40,50,0,0,75,25,25,25,25,0,0,0,0,0,0,0,0,20,20,20,40,20,0,0,50,25,20,60,20,20,20,25,25,25,0,40,0,25,100,100,80,75,25,25,25,0,20,20,0,0,0,0,0,0,0,0,0,0,0,0,0,0,0,50,0,0,,0,0,0,0,0,0,75,0,25,25,0,75,25,100,0,0,0,0,0,25,0,0,0,25,50,75,0,75,75,75
Kettering General Hospital NHS Foundation Trust,RNQ,25,,75,75,75,75,100,75,50,25,50,25,25,75,50,50,75,75,25,71,50,75,75,75,75,0,0,0,,,,,,,,,,50,50,,,,,0,,40,20,40,20,0,75,75,75,60,20,80,80,0,50,100,100,75,100,50,50,100,100,20,75,25,0,75,0,0,0,0,0,,,,,,,0,0,0,25,0,,0,75,0,75,,0,0,0,0,25,0,75,0,100,50,100,100,0,87,25,0,0,0,0,75,75,25,0,50,75,50,25,25,25,50
Kings College Hospital NHS Foundation Trust,RJZ,100,75,75,100,75,50,100,100,100,75,75,75,75,75,75,50,75,75,75,73,50,50,75,75,100,60,60,20,0,100,50,75,75,75,75,50,75,25,0,75,50,50,0,0,60,60,40,60,100,75,25,25,25,60,100,100,100,100,100,100,100,75,100,75,75,100,100,100,75,75,50,100,75,60,100,40,80,50,25,75,25,25,25,75,75,20,50,75,75,25,50,75,0,,25,25,25,25,75,25,25,0,75,25,0,100,25,87,0,0,0,25,25,100,75,75,50,50,75,100,25,100,25,25
Kingston Hospital NHS Trust,RAX,50,,75,100,75,75,75,75,75,100,75,50,75,50,75,75,100,75,75,81,75,75,50,75,75,60,80,20,50,100,50,75,75,75,75,50,50,50,0,25,25,0,0,0,40,60,0,100,80,0,75,75,75,60,60,100,100,20,100,100,75,75,0,75,75,100,100,20,75,100,75,100,100,80,100,0,80,75,75,100,75,50,50,50,75,100,50,75,75,0,100,100,0,,75,50,75,75,100,25,50,0,50,25,0,100,50,87,100,100,75,,,100,100,75,25,25,75,75,75,75,25,75
Lancashire Teaching Hospitals NHS Foundation Trust,RXN,75,75,100,100,100,100,100,100,100,100,100,75,75,25,100,100,100,75,75,82,75,75,75,50,75,60,60,60,50,50,50,100,75,25,25,75,25,0,0,50,0,0,0,0,20,40,60,0,80,0,100,75,0,40,0,100,100,0,100,75,75,100,60,25,100,100,100,20,25,100,25,75,100,0,100,0,100,25,0,0,25,0,100,0,0,0,0,75,0,0,25,0,0,,25,25,25,75,0,25,25,25,75,75,50,75,50,100,25,0,25,0,0,100,100,100,50,75,75,100,100,50,0,25
Leeds Teaching Hospitals NHS Trust,RR8,75,75,100,100,100,100,100,100,75,75,75,75,75,75,75,100,100,75,75,81,100,100,75,100,100,40,40,40,50,100,50,75,75,25,25,50,25,75,25,75,75,75,75,0,60,20,20,20,80,75,75,75,50,80,40,100,100,80,100,25,75,25,0,0,75,100,100,80,100,75,25,100,25,20,20,20,100,25,25,25,25,25,25,25,25,20,25,75,25,75,75,75,75,50,50,25,75,100,100,25,25,25,100,100,0,100,75,100,0,25,100,75,0,50,75,25,0,0,100,25,50,50,25,25
Lewisham and Greenwich NHS Trust,RJ2,75,50,75,75,100,75,75,75,50,75,75,75,75,75,75,75,100,75,50,75,75,50,50,50,50,40,20,20,50,50,50,25,25,25,25,75,25,75,0,75,0,75,0,0,40,80,80,40,100,25,100,100,75,80,0,100,100,80,100,0,100,0,60,75,75,100,100,80,25,0,0,75,75,0,100,0,80,0,0,0,0,0,0,0,0,0,0,75,0,25,50,0,0,,0,0,0,25,0,75,25,0,75,25,0,75,25,100,75,,50,0,0,0,75,25,25,25,75,100,75,75,75,75
Liverpool Heart and Chest Hospital NHS Trust,RBQ,75,25,75,100,100,75,75,100,100,50,75,25,100,0,25,75,100,75,25,74,75,100,25,100,50,100,100,100,50,100,100,75,75,75,75,75,100,50,25,25,75,50,0,0,80,100,80,100,100,50,100,100,100,60,100,100,100,100,100,100,100,100,40,100,75,100,100,100,100,100,75,100,75,100,100,0,,100,100,100,50,0,75,75,75,0,75,0,75,75,75,100,25,50,75,75,0,75,75,50,75,0,75,75,0,75,75,70,100,50,50,75,0,100,100,75,0,50,100,75,100,100,100,100
Liverpool Womens Hospital NHS Trust,REP,100,100,100,100,100,100,100,100,100,100,100,100,100,100,100,100,100,100,100,66,100,100,75,100,100,40,40,80,100,100,100,100,50,75,100,75,50,50,25,100,25,25,75,50,100,60,100,60,100,25,100,100,100,20,20,20,100,100,100,100,100,25,0,100,100,100,100,100,50,50,25,100,100,100,100,20,100,100,100,100,50,100,25,100,50,0,25,100,50,25,75,50,0,,0,75,75,25,75,0,100,0,75,75,25,100,50,100,50,75,100,100,25,100,100,100,100,100,100,100,100,100,100,100
London North West Healthcare NHS Trust,R1K,100,75,75,75,100,100,100,50,50,75,75,75,50,75,75,75,100,75,75,66,75,75,50,75,75,60,20,40,50,50,50,75,75,25,50,50,25,25,0,25,25,0,0,25,100,40,20,100,100,0,75,50,50,80,20,80,80,40,100,75,100,100,80,75,75,100,100,100,75,100,50,100,50,0,100,20,40,25,0,25,25,25,25,0,0,0,0,0,0,25,75,25,50,,0,25,25,100,25,25,50,0,100,75,25,75,25,100,25,50,50,50,50,50,0,50,0,25,75,75,25,75,75,75
Luton and Dunstable University Hospital NHS Foundation Trust,RC9,100,100,100,100,100,100,100,100,100,100,100,100,100,100,100,100,100,100,100,74,100,75,75,75,100,100,100,100,50,50,50,100,75,100,100,75,100,25,50,25,50,0,25,0,40,20,20,60,80,100,75,100,100,100,80,100,100,100,100,100,100,100,40,100,75,100,100,100,75,75,75,75,75,100,80,60,40,100,100,100,100,100,100,100,100,80,100,100,100,50,75,75,25,100,50,50,75,75,75,0,50,25,100,100,25,100,0,100,0,0,50,25,0,75,75,75,75,75,100,100,100,100,100,100
Maidstone and Tunbridge Wells NHS Trust,RWF,75,50,75,75,75,100,100,100,100,75,50,50,75,100,75,75,100,100,50,74,75,75,50,75,75,20,80,20,50,50,50,75,75,25,75,75,25,25,25,25,75,25,75,0,40,0,0,60,60,75,75,75,75,60,60,80,60,0,75,100,75,75,0,75,75,100,100,100,25,75,75,50,75,0,100,20,40,25,0,25,0,25,0,0,0,0,0,0,0,0,75,100,75,,25,50,25,25,25,75,100,0,0,0,25,75,75,87,0,0,75,25,0,75,100,100,25,25,75,75,75,75,75,75
Medway NHS Foundation Trust,RPA,75,100,75,75,100,75,100,100,75,75,25,50,75,100,100,100,100,100,100,83,50,50,50,50,50,0,0,0,,,,,,,,,,0,0,,,,,0,,60,0,0,80,0,75,75,50,80,0,0,0,0,,,,,0,,0,100,100,80,75,50,0,50,50,0,80,0,20,0,25,0,0,0,0,0,0,0,0,0,0,0,25,0,0,,0,0,0,0,0,0,100,25,0,0,0,50,25,87,0,0,0,0,0,75,0,25,0,0,100,75,75,100,75,100
Mid Cheshire Hospitals NHS Foundation Trust,RBT,100,50,100,75,100,100,100,100,100,75,75,75,25,0,100,100,100,75,100,80,75,75,100,100,75,40,0,20,50,,50,75,25,25,25,25,0,50,0,50,0,0,0,0,80,60,20,40,100,0,75,75,25,100,20,80,0,60,75,100,75,25,20,75,75,100,100,60,25,75,25,75,100,20,100,20,100,0,25,50,0,0,0,25,0,0,0,50,0,0,25,0,0,,0,0,0,100,100,0,75,0,75,50,0,0,0,100,0,75,50,25,0,100,0,75,100,75,100,100,100,75,75,25
Mid Essex Hospital Services NHS Trust,RQ8,75,75,75,75,50,100,100,75,0,75,75,50,50,25,75,100,75,100,50,68,50,50,50,50,75,20,80,20,50,100,50,25,25,25,25,25,0,50,0,25,25,0,0,0,20,0,0,20,100,50,50,50,50,100,20,80,80,60,50,50,50,0,80,0,0,100,100,40,75,50,25,75,50,0,100,0,100,,,,,,,,,,,,,0,25,75,0,,0,25,50,50,50,0,100,0,50,25,0,75,0,100,0,75,50,75,0,100,0,50,25,50,100,75,75,75,75,50
Mid Yorkshire Hospitals NHS Trust,RXF,25,,75,75,75,75,0,75,25,50,25,75,25,50,50,0,50,50,50,87,25,75,50,25,25,100,100,40,50,100,50,75,75,25,25,25,75,50,25,25,25,0,0,25,40,60,0,40,40,50,25,25,25,20,80,100,80,80,75,25,100,50,0,75,75,100,100,40,25,75,50,75,50,0,80,0,100,0,25,75,0,0,0,0,0,0,0,25,0,0,0,75,0,,0,0,0,25,25,25,75,0,50,0,50,50,50,100,,25,50,75,0,75,75,50,75,50,75,100,75,25,25,25
Milton Keynes General Hospital NHS Trust,RD8,75,75,75,75,50,75,100,100,100,75,75,75,75,100,75,100,100,100,75,84,75,75,50,75,75,60,60,60,50,50,50,100,25,75,25,50,50,50,25,75,25,75,50,0,40,80,80,60,100,75,100,100,50,80,80,100,20,20,75,50,25,75,0,50,75,100,100,60,75,25,0,75,0,20,0,0,100,0,0,0,0,0,0,0,0,0,0,25,25,25,25,0,0,,0,0,0,0,25,25,75,25,25,25,75,75,0,100,25,0,0,50,0,100,100,25,0,25,75,75,0,100,100,100
Moorfields Eye Hospital NHS Trust,RP6,50,,75,50,50,75,100,100,100,50,75,0,25,100,25,50,100,100,25,68,50,50,75,50,0,40,60,20,50,100,0,50,50,25,25,25,75,75,0,0,0,0,0,0,0,40,0,0,0,0,100,75,100,0,40,40,40,0,100,100,100,100,0,0,0,80,60,40,75,100,0,50,25,0,100,40,,50,,25,25,0,0,,,0,0,0,,0,25,0,0,,0,0,0,,,0,50,0,,0,0,25,0,100,100,0,75,,0,75,75,25,75,50,75,100,100,75,25,25
Norfolk and Norwich University Hospitals NHS Foundation Trust,RM1,75,50,75,50,50,75,75,25,,75,25,50,25,0,50,25,75,75,25,74,75,50,75,50,50,20,20,20,100,100,100,25,25,0,0,0,0,0,0,25,0,0,0,0,20,60,0,40,60,25,75,25,25,20,80,100,100,80,0,50,100,25,80,50,50,100,100,80,0,100,0,0,75,60,100,20,100,50,0,50,75,50,0,100,75,0,25,25,0,0,50,0,0,,0,0,0,50,25,0,75,0,50,25,0,50,0,100,0,0,0,75,25,25,100,25,25,0,100,100,100,50,75,75
North Bristol NHS Trust,RVJ,50,,75,75,100,75,75,75,75,50,75,0,75,75,75,100,100,75,75,67,75,75,75,100,75,0,0,0,,,,,,,,,,75,75,,,,,0,,20,20,0,60,25,75,75,100,60,20,100,100,100,75,25,100,25,100,75,100,100,100,100,100,75,75,100,0,20,100,100,20,0,0,0,0,0,0,0,0,0,0,0,0,50,75,0,0,50,0,75,75,100,100,0,75,0,100,75,50,100,0,87,75,0,0,0,,75,75,50,75,25,25,100,50,50,50,25
North Cumbria University Hospitals NHS Trust,RNL,75,50,50,50,75,75,75,75,75,25,50,50,25,75,0,75,75,75,75,85,75,75,100,75,75,20,20,20,50,50,100,25,0,0,25,0,0,0,0,25,25,0,0,0,20,0,0,40,0,25,50,25,0,0,0,60,20,0,100,100,25,0,0,0,25,100,100,20,25,0,0,25,50,20,0,0,20,0,0,0,0,0,0,0,0,0,0,0,0,0,0,0,0,,0,0,0,50,75,0,75,0,75,50,0,25,0,87,0,0,50,50,0,75,0,25,0,25,75,100,100,75,75,25
North Middlesex University Hospital NHS Trust,RAP,75,75,50,75,25,50,100,75,75,25,25,25,25,25,75,,,,,68,75,50,50,75,75,,,,50,50,50,75,75,50,75,25,75,25,25,25,25,25,25,25,40,60,80,80,80,75,75,75,75,80,100,100,100,100,75,75,75,75,100,75,75,100,100,100,75,75,75,75,25,0,0,0,0,,,,,,,0,0,0,0,0,,25,25,25,25,,25,50,25,75,75,0,0,0,75,75,0,75,25,87,75,75,50,75,50,100,100,25,25,25,75,75,25,75,100,25
North Tees and Hartlepool NHS Foundation Trust,RVW,75,50,100,100,100,100,100,100,100,100,100,50,75,100,100,100,100,100,75,86,75,75,75,100,100,40,20,20,0,0,0,100,100,25,100,100,0,100,100,25,0,25,0,0,40,100,20,100,100,25,75,100,75,100,20,100,100,60,100,100,100,100,0,100,100,100,100,60,100,100,100,100,50,0,100,0,0,0,0,0,0,0,75,0,0,0,0,0,0,0,100,75,25,,25,25,0,100,100,100,100,75,100,100,75,100,0,100,0,50,100,75,0,75,100,75,50,75,100,100,100,100,100,100
Northampton General Hospital NHS Trust,RNS,75,50,75,75,100,75,75,25,,75,75,75,0,75,75,75,75,75,50,82,50,75,50,75,75,60,100,20,50,100,0,75,75,75,50,75,25,25,0,100,25,0,0,0,100,40,0,40,100,100,100,100,25,100,100,100,100,100,100,50,100,75,100,100,100,100,100,100,75,75,50,100,50,40,100,0,60,25,25,75,75,75,50,75,100,100,75,100,25,25,50,100,50,,25,25,25,75,50,25,75,25,75,50,25,75,25,87,25,25,25,25,50,100,25,100,75,75,100,100,100,75,75,75
Northern Devon Healthcare NHS Trust,RBZ,75,75,75,75,75,75,100,75,75,75,75,75,75,75,75,75,75,75,75,68,75,50,25,75,75,20,20,20,50,50,50,25,25,25,25,25,25,25,0,50,0,0,0,0,20,20,20,0,100,25,25,25,25,20,60,60,0,0,100,100,100,100,40,75,100,100,100,0,75,75,50,100,50,0,0,0,0,,,,,,,0,0,0,0,0,,25,25,0,0,,0,0,0,25,0,100,75,0,75,25,25,75,25,100,50,0,75,0,25,75,50,75,50,50,100,75,75,50,50,75
Northern Lincolnshire and Goole NHS Foundation Trust,RJL,100,100,100,100,100,100,100,75,75,75,100,100,75,100,100,100,100,100,75,66,100,50,75,100,75,60,100,40,50,100,50,75,75,75,75,100,25,75,25,75,25,25,25,50,80,0,0,100,100,100,75,75,100,100,80,100,100,100,100,100,100,75,100,100,100,100,100,100,75,100,100,100,50,20,20,20,20,25,25,75,100,100,75,25,25,60,25,25,25,100,100,100,75,50,100,75,75,100,100,25,50,25,100,100,75,100,25,100,25,25,25,25,25,100,75,75,50,50,100,100,75,100,75,100
Northumbria Healthcare NHS Foundation Trust,RTF,100,75,100,100,100,100,100,100,75,50,50,100,50,75,100,100,75,100,100,94,75,100,75,75,75,20,20,20,50,100,100,25,0,75,0,0,0,0,25,50,25,0,0,0,20,0,0,20,40,0,0,0,0,0,0,100,100,20,75,0,75,0,20,0,75,100,100,20,75,50,25,25,50,0,100,0,0,0,0,,,,,0,0,0,25,0,0,0,25,25,0,,25,25,25,0,0,0,100,0,0,0,0,75,0,100,50,0,50,75,0,75,0,25,25,25,100,100,100,100,100,0
Nottingham University Hospitals NHS Trust,RX1,100,100,100,100,100,100,100,100,100,100,100,75,75,75,75,100,100,100,75,81,100,75,50,75,100,40,100,20,50,100,50,75,75,25,75,25,25,50,0,100,75,0,0,0,80,80,80,100,80,50,50,50,75,80,80,80,80,100,100,100,100,100,20,75,75,100,100,100,75,75,25,25,50,20,100,20,100,25,25,50,25,25,0,0,0,20,25,75,0,0,75,100,0,,50,0,0,75,75,50,100,25,75,75,25,75,0,100,50,0,0,50,50,100,100,75,25,50,100,100,100,100,75,75
Oxford University Hospitals NHS Trust,RTH,75,75,75,75,100,100,100,100,100,75,75,75,50,75,75,75,75,75,50,91,50,75,75,75,50,40,80,40,50,100,50,75,75,75,75,50,75,75,0,50,25,75,25,0,40,100,100,80,100,50,100,100,100,100,20,100,80,20,100,100,100,75,80,100,100,100,100,80,100,100,100,75,100,100,100,20,100,100,100,100,75,75,75,100,100,80,100,75,100,75,75,75,75,50,75,75,75,75,75,75,50,50,75,50,75,75,75,100,75,100,75,75,75,100,100,75,75,75,75,100,100,75,75,75
Papworth Hospital NHS Foundation Trust,RGM,100,75,75,50,75,100,100,100,75,50,75,75,50,25,50,75,50,75,75,74,75,75,25,75,75,40,80,40,50,50,50,75,50,0,25,0,25,25,0,25,0,0,0,0,20,80,60,60,0,0,0,0,0,0,60,100,100,20,75,50,75,50,100,75,25,80,100,80,25,50,0,0,0,20,0,0,,0,0,0,25,25,0,25,25,0,0,75,0,0,0,100,0,,25,25,25,0,0,25,75,0,25,0,75,75,50,100,0,0,0,0,25,75,75,75,0,50,75,100,75,75,50,25
Pennine Acute Hospitals NHS Trust,RW6,100,100,100,50,100,100,100,75,100,100,100,100,75,100,100,100,100,100,100,71,100,100,100,100,75,100,100,100,50,0,100,100,100,50,100,75,75,25,25,75,0,25,25,0,60,100,100,100,100,100,100,100,100,100,100,100,100,80,100,100,100,100,100,75,100,100,100,100,100,100,,100,75,100,100,0,0,100,75,100,100,100,0,100,100,0,100,100,100,25,75,25,0,,25,0,25,100,0,0,0,0,100,75,0,50,0,100,0,100,100,100,0,100,25,75,75,75,0,100,100,100,100,100
Peterborough and Stamford Hospitals NHS Foundation Trust,RGN,75,75,75,100,50,100,100,75,100,100,100,50,100,75,100,100,75,75,75,71,75,75,50,75,75,100,20,0,50,50,,75,75,25,25,50,75,25,25,25,50,0,25,25,20,100,20,40,100,0,75,75,25,0,40,100,100,100,75,25,75,75,20,100,75,100,100,100,75,75,25,50,25,0,100,20,100,25,25,0,25,25,50,0,0,0,0,100,0,25,75,0,25,,25,25,25,75,100,25,25,25,100,100,25,75,50,100,0,50,0,25,0,75,25,75,25,75,100,100,100,100,75,75
Plymouth Hospitals NHS Trust,RK9,100,100,100,75,100,100,100,100,100,100,100,75,75,75,100,100,100,75,50,75,75,75,75,75,75,20,20,20,50,50,50,25,25,0,50,0,0,25,0,25,0,0,0,25,20,20,20,20,80,75,75,75,75,80,80,100,20,20,75,75,75,50,20,75,25,100,20,20,50,100,0,50,0,0,20,0,100,0,0,,,,,0,0,,0,0,0,50,50,0,50,,,,,50,50,50,75,25,100,50,25,75,75,100,0,50,75,100,0,100,100,75,75,75,75,100,100,100,75,75
Poole Hospitals NHS Trust,RD3,75,50,75,50,100,100,100,100,100,75,75,75,50,75,50,75,75,75,75,73,100,50,50,50,50,100,100,100,50,50,50,50,50,50,50,50,50,25,25,75,50,75,25,0,80,20,20,20,100,25,50,50,50,40,20,100,100,20,75,75,75,0,20,75,25,100,100,100,75,25,25,100,0,20,100,20,100,0,0,0,0,0,0,25,0,20,25,25,0,50,100,75,50,25,0,0,0,25,75,25,25,0,75,25,0,75,25,100,0,50,25,0,0,100,25,75,0,75,75,100,75,75,75,75
Portsmouth Hospitals NHS Trust,RHU,75,75,50,25,100,75,100,25,25,75,25,75,25,75,0,75,100,50,25,85,75,75,50,75,75,20,100,20,50,100,50,75,0,0,0,0,0,25,0,25,0,0,0,0,20,0,0,20,80,0,0,0,25,20,0,80,0,0,0,0,25,25,20,0,25,100,100,100,25,25,25,75,0,0,0,0,0,,,,,,,0,0,0,0,0,,0,0,75,0,,0,0,0,0,0,0,25,0,25,0,0,25,0,87,25,25,0,0,0,25,0,25,50,75,25,100,100,100,25,75
Royal Berkshire NHS Foundation Trust,RHW,75,50,50,50,75,75,100,75,75,75,75,50,25,50,25,75,75,50,50,80,50,75,25,50,50,20,80,20,0,50,50,50,50,25,50,25,0,25,25,25,0,0,0,0,20,60,80,40,80,25,25,25,25,20,60,40,100,40,75,75,50,50,60,75,50,100,100,60,75,75,50,50,25,20,0,0,80,0,0,0,0,25,25,0,0,0,50,75,0,25,50,25,0,,25,25,25,50,75,25,25,25,75,50,0,75,25,87,25,50,0,25,75,25,75,25,0,25,75,75,75,50,50,50
Royal Brompton and Harefield NHS Foundation Trust,RT3,100,75,100,100,100,100,100,100,75,100,75,75,75,75,100,75,100,75,25,67,75,75,25,100,100,20,40,20,100,100,100,100,100,0,25,0,0,25,0,25,0,0,0,0,,20,20,20,20,0,0,0,0,20,0,100,100,100,100,100,100,25,80,0,0,100,100,100,25,25,0,75,25,60,100,0,,25,75,100,100,75,25,75,25,0,25,75,25,0,0,0,0,,25,0,0,0,0,75,100,100,0,0,0,25,25,100,0,0,0,0,0,100,100,25,25,25,75,75,25,75,25,25
Royal Cornwall Hospitals NHS Trust,REF,25,,75,75,25,75,100,50,25,100,75,75,25,25,50,50,75,75,25,73,75,50,75,50,25,20,0,0,0,,,25,25,0,25,0,25,25,0,25,0,0,0,0,60,20,0,80,100,0,0,25,25,60,20,100,100,20,75,25,75,75,20,0,75,100,100,100,75,25,75,75,75,100,100,100,100,100,50,100,75,75,25,75,100,0,75,75,75,0,0,0,0,,0,0,0,25,0,25,50,25,75,25,0,75,25,100,25,25,25,25,25,100,75,75,0,25,100,100,100,75,75,75
Royal Devon and Exeter NHS Foundation Trust,RH8,100,100,25,25,100,100,100,100,100,100,75,75,25,75,0,75,100,100,75,75,100,100,75,75,100,20,40,20,0,50,0,75,0,0,0,0,0,25,0,25,0,0,0,0,20,20,0,20,100,75,0,100,25,0,20,60,80,20,75,25,75,75,0,0,75,100,100,20,75,25,0,75,25,0,0,0,100,0,25,0,0,25,75,0,0,0,0,50,0,0,25,25,50,,0,0,100,100,75,0,100,0,100,100,75,75,25,100,0,0,75,100,25,75,0,75,0,25,100,100,100,100,100,100
Royal Free London NHS Foundation Trust,RAL,75,75,100,75,100,100,100,100,100,100,100,75,75,75,75,75,100,100,100,70,75,100,75,100,75,100,20,20,50,50,0,100,100,75,50,25,75,0,0,25,0,0,0,0,80,100,80,80,100,0,0,75,25,0,40,100,100,100,100,75,75,50,60,75,75,100,100,80,75,100,75,75,25,40,100,20,100,0,25,0,,,,0,0,20,50,0,0,0,50,50,75,,0,0,25,0,0,25,75,0,75,25,0,75,0,100,75,50,75,50,75,100,75,50,25,50,100,100,100,100,75,100
Royal Liverpool and Broadgreen University Hospitals NHS Trust,RQ6,100,75,100,100,100,100,100,100,100,100,100,75,100,75,75,75,100,75,100,82,75,75,25,75,75,20,20,20,50,100,100,75,75,75,75,50,25,25,50,75,50,50,50,0,40,60,100,20,100,100,75,100,100,100,100,100,100,100,100,100,100,100,20,100,100,100,100,100,100,100,100,100,75,100,100,0,40,75,75,100,100,100,50,75,75,0,75,100,100,25,75,100,50,,75,50,50,75,100,25,50,25,25,25,75,100,75,100,50,50,75,75,50,100,75,75,100,75,100,100,100,75,75,100
Royal National Orthopaedic Hospital NHS Trust,RAN,75,75,75,75,75,75,100,100,0,75,25,75,75,75,25,75,100,75,75,73,50,75,75,75,75,60,0,0,0,,,75,25,25,75,75,25,25,0,0,0,0,0,0,0,20,20,20,0,0,0,75,75,0,100,100,100,100,75,75,100,75,100,100,100,100,100,100,75,75,100,25,0,0,20,20,,0,0,0,0,0,0,0,0,0,0,0,0,0,0,0,0,,0,0,0,75,75,0,0,0,0,0,0,0,0,100,0,75,25,25,0,100,100,100,100,75,100,100,100,100,100,100
Royal Surrey County Hospital NHS Trust,RA2,25,,25,50,50,50,50,50,50,0,25,25,25,0,50,25,50,75,50,67,25,75,25,25,25,20,80,0,0,50,,25,25,25,50,0,0,25,0,25,25,0,0,0,20,20,20,20,80,50,75,75,75,0,0,0,0,0,,,,,0,,0,100,100,60,25,75,0,25,25,0,0,0,100,0,0,0,0,0,0,0,0,0,0,25,0,25,25,50,0,,0,0,25,50,25,0,50,0,25,25,0,50,25,87,0,75,50,0,0,75,75,25,0,25,50,75,50,50,0,50
Royal United Hospital Bath NHS Trust,RD1,100,75,100,100,100,100,100,100,100,100,100,100,100,100,100,100,100,100,100,89,100,100,75,100,75,20,20,40,100,100,100,75,75,75,75,75,50,75,75,50,50,75,50,0,100,40,0,40,100,0,100,50,75,60,20,100,100,0,100,100,75,75,0,25,100,100,100,20,100,100,75,100,75,0,0,0,100,0,0,0,50,50,50,0,0,0,0,0,0,25,75,25,25,,25,50,75,75,75,0,0,100,100,75,0,75,0,100,100,25,100,100,0,75,0,75,100,75,100,100,75,75,75,25
Salford Royal Hospitals NHS Trust,RM3,100,100,100,100,100,100,100,100,100,100,100,100,100,100,100,100,100,100,75,91,100,100,100,100,100,100,100,100,100,100,100,100,75,100,100,100,100,100,75,100,75,100,100,50,100,100,100,100,100,100,100,100,100,100,100,100,100,100,100,100,100,75,20,100,75,100,100,100,100,100,50,100,100,100,100,40,80,75,75,100,25,100,75,100,75,20,75,100,100,100,100,100,100,50,100,75,50,100,50,75,100,50,100,100,75,100,25,100,50,25,75,100,0,100,75,100,100,100,100,100,100,100,100,100
Salisbury NHS Foundation Trust,RNZ,75,50,75,100,100,75,100,100,75,50,50,25,25,50,25,50,75,25,25,85,75,75,50,75,50,20,20,20,50,50,50,75,75,25,0,0,0,25,0,25,0,75,25,0,100,20,20,80,80,25,25,25,25,40,80,100,100,20,100,50,100,75,20,100,75,100,100,20,25,100,75,25,50,0,100,0,80,0,0,25,0,0,0,0,0,0,0,25,0,25,50,50,25,,25,0,25,25,0,0,75,0,25,25,0,75,0,100,0,0,0,50,0,100,100,50,75,50,75,100,100,75,25,50
Sandwell and West Birmingham Hospitals NHS Trust,RXK,75,25,50,75,100,50,100,100,50,25,75,50,50,50,75,75,75,50,25,74,50,50,0,25,0,60,80,20,0,100,50,75,75,25,50,0,0,25,0,75,25,25,25,25,20,60,20,20,100,0,100,100,75,100,20,100,100,20,75,50,100,100,0,50,50,100,100,60,25,75,25,75,25,20,0,0,80,0,25,0,0,0,0,0,0,0,0,0,0,0,75,50,0,,25,0,25,100,25,25,25,0,100,75,0,50,0,0,0,100,25,50,0,75,75,50,0,0,25,25,25,25,0,25
Sheffield Childrens NHS Trust,RCU,75,25,75,75,75,75,100,50,25,100,75,75,0,25,25,25,50,50,25,67,50,25,75,75,75,40,20,40,100,50,50,25,25,0,25,25,0,0,0,0,0,0,0,0,20,0,0,20,20,25,25,0,25,20,40,0,0,0,,,,,0,,0,100,100,60,0,50,75,75,25,0,0,0,100,0,75,75,25,100,0,0,0,0,0,25,0,0,25,25,0,,0,25,25,0,,0,25,0,0,0,0,0,0,100,75,25,75,75,25,25,0,0,0,0,75,75,50,75,50,75
Sheffield Teaching Hospitals NHS Foundation Trust,RHQ,100,75,100,75,100,100,100,100,75,75,75,75,100,75,100,75,75,100,75,70,75,75,50,50,75,20,20,20,100,100,50,50,50,0,25,25,0,25,0,25,0,0,0,0,60,20,0,20,80,0,0,0,25,40,0,100,100,20,100,25,50,50,20,75,75,100,100,20,75,75,25,100,25,20,100,0,100,0,0,0,0,0,0,0,0,0,25,50,0,0,25,0,0,,25,25,0,75,0,25,75,25,100,75,25,50,25,100,25,0,0,75,25,75,0,75,100,50,100,100,100,50,25,75
Sherwood Forest Hospitals NHS Foundation Trust,RK5,25,,75,75,100,0,100,25,0,75,25,50,25,100,75,50,100,75,50,84,100,100,100,100,100,20,80,0,50,50,,25,25,0,25,75,0,50,0,75,50,25,25,0,20,100,0,0,100,50,75,75,100,100,0,80,80,20,100,75,100,100,60,25,100,100,100,100,75,100,50,75,0,0,100,0,100,0,0,0,0,0,0,0,0,0,0,0,0,25,75,25,50,,75,0,75,25,100,25,75,0,75,0,0,75,50,100,25,0,25,100,75,75,0,50,50,0,100,100,100,100,100,25
Shrewsbury and Telford Hospital NHS Trust,RXW,50,,75,75,75,50,100,75,75,75,75,50,25,50,50,75,75,25,25,82,25,75,25,50,50,20,80,20,,100,,75,75,50,50,50,25,25,25,50,50,0,25,0,40,0,0,40,80,0,0,50,75,40,40,100,0,0,100,75,100,50,0,25,50,100,100,0,0,75,0,75,25,0,0,0,0,,,,,,,0,0,0,0,0,,0,0,75,0,,25,0,0,75,0,0,75,0,100,50,25,75,0,100,50,50,25,0,0,50,25,25,25,50,75,100,100,50,50,25
South Tees Hospitals NHS Trust,RTR,75,75,75,75,75,75,100,25,25,75,75,50,50,100,25,100,100,100,75,80,75,75,100,75,50,20,80,20,50,50,50,25,25,25,25,75,25,50,0,25,0,50,50,0,20,80,0,20,80,0,0,0,0,0,100,100,80,100,100,100,100,100,0,100,100,100,80,100,50,100,100,75,25,0,80,0,80,0,25,0,0,0,75,0,0,0,0,50,0,0,25,100,0,,25,25,75,0,25,25,75,25,50,25,0,100,25,100,0,0,0,75,0,100,25,50,100,50,100,75,100,75,75,75
South Tyneside Foundation NHS Trust,RE9,75,25,100,75,100,100,100,0,0,100,100,50,50,100,75,100,75,75,25,79,50,75,75,100,75,0,0,0,0,0,0,75,50,0,0,50,0,0,0,0,25,0,0,0,20,100,0,60,100,75,75,75,25,0,20,100,100,0,50,50,50,0,0,0,75,100,100,0,25,25,0,50,50,0,0,0,0,,,,,,,0,0,0,0,0,,0,50,0,25,,0,50,50,75,75,0,50,0,100,100,0,75,0,100,0,0,0,0,0,50,0,0,0,0,100,100,100,100,100,75
South Warwickshire NHS Foundation Trust,RJC,100,75,100,100,50,100,100,100,100,100,75,75,75,75,100,100,100,100,100,66,75,75,75,75,75,40,0,0,0,,,25,25,25,25,25,50,25,0,25,25,25,0,0,20,0,0,20,100,100,25,75,25,20,0,0,0,0,,,,,0,,0,100,100,60,25,50,75,75,0,0,80,0,100,,,,,,,,,,,,,25,50,0,0,,0,0,0,0,25,0,25,0,25,25,0,100,0,100,25,0,75,0,0,100,100,75,0,50,100,100,100,100,75,100
Southend University Hospital NHS Foundation Trust,RAJ,75,75,75,100,75,75,100,100,75,100,100,100,25,75,75,100,100,100,100,77,100,75,100,100,100,60,60,20,50,100,50,75,75,75,75,75,50,75,25,75,75,25,25,0,40,60,100,100,100,100,100,75,25,60,40,100,100,100,100,0,100,75,0,100,100,100,100,100,75,100,50,100,75,60,100,20,100,25,25,75,75,25,25,100,75,0,50,50,50,0,100,100,50,,25,25,0,0,100,50,100,25,75,50,25,75,0,100,0,0,0,25,25,75,75,100,75,75,75,100,100,75,75,25
Southport and Ormskirk Hospital NHS Trust,RVY,100,75,75,75,100,75,75,75,50,75,50,25,25,25,50,75,75,50,25,71,25,100,25,75,75,40,100,0,50,100,,100,100,75,75,50,50,25,25,50,25,25,25,0,20,80,80,60,100,50,75,75,50,100,0,0,0,0,,,,,0,,0,100,0,0,100,75,25,50,100,0,100,20,40,0,25,50,25,50,0,0,0,0,0,0,0,75,75,100,50,50,50,25,50,75,75,0,50,0,50,25,25,75,50,87,0,100,75,75,0,100,25,75,25,25,75,75,75,75,50,100
St Georges University Hospitals NHS Foundation Trust,RJ7,100,75,75,75,100,100,100,100,75,75,25,100,50,75,75,75,100,100,100,77,50,50,75,50,75,100,100,40,50,100,100,100,100,50,75,75,100,50,0,75,0,75,50,0,60,100,60,80,100,0,75,75,75,80,40,100,100,100,100,75,100,100,0,100,100,100,100,100,100,100,100,100,75,60,100,0,100,100,100,100,50,100,100,100,100,40,100,100,100,25,75,100,0,,75,75,75,100,50,25,75,100,75,50,25,75,75,100,100,75,75,50,0,75,100,100,75,75,75,100,100,100,75,100
St Helens and Knowsley Hospitals NHS Trust,RBN,50,,50,75,50,100,100,100,100,100,75,75,25,100,0,75,75,75,25,82,75,75,75,100,75,100,100,100,0,0,0,100,25,0,50,0,25,25,0,50,25,0,0,0,20,0,0,0,100,0,0,75,75,60,0,80,80,0,100,100,75,50,100,75,100,100,100,100,50,75,0,100,25,0,0,0,100,0,0,0,0,0,0,0,0,0,0,0,0,0,0,0,0,,25,0,0,0,0,0,75,0,0,0,0,50,25,100,0,25,25,0,0,100,0,25,50,25,75,100,100,100,50,75
Stockport NHS Foundation Trust,RWJ,100,75,75,75,100,100,100,100,75,75,100,100,75,25,75,75,100,75,75,72,75,75,75,75,75,80,100,20,50,100,50,75,50,25,75,75,50,75,25,50,50,75,75,0,100,100,0,100,100,75,100,100,50,100,100,100,100,100,100,75,100,100,0,75,75,100,100,100,75,75,75,100,100,100,100,0,100,75,100,100,100,100,25,100,100,0,75,100,100,0,0,25,0,,0,25,0,100,100,0,100,0,75,75,0,100,0,100,25,75,100,100,0,100,100,100,100,100,100,100,100,100,100,100
Surrey and Sussex Healthcare NHS Trust,RTP,100,75,100,100,75,100,100,100,100,75,100,75,100,50,100,100,100,100,100,72,75,100,75,75,75,20,20,20,50,50,50,25,25,75,25,25,0,25,25,50,25,0,0,0,20,20,60,20,100,50,50,75,75,80,40,100,100,80,100,100,100,100,100,100,75,100,100,100,100,100,100,75,0,0,0,0,60,0,0,0,0,0,0,0,0,0,0,0,0,25,50,50,25,,25,50,25,50,25,50,75,50,75,75,25,100,25,100,25,50,50,50,75,100,100,75,50,75,100,100,100,100,75,50
Tameside Hospital NHS Foundation Trust,RMP,50,,75,75,100,50,100,75,100,100,100,75,50,75,50,75,75,75,50,70,50,75,50,75,75,20,20,100,0,0,100,75,75,75,75,75,50,75,75,50,25,0,75,0,100,20,100,60,100,100,100,100,100,100,100,100,100,20,100,100,100,100,100,100,100,100,100,20,100,100,75,100,50,0,100,0,0,50,0,50,50,50,0,0,0,0,50,0,0,75,100,25,75,75,25,75,25,75,25,0,100,0,75,50,0,75,25,100,50,25,75,50,0,100,0,75,25,50,100,75,100,50,50,75
Taunton and Somerset NHS Foundation Trust,RBA,100,75,50,25,100,75,100,75,100,75,75,25,75,100,100,100,75,75,25,88,100,25,75,75,25,20,0,20,50,,50,75,75,75,75,25,25,0,0,25,0,0,0,0,20,60,0,20,100,25,100,100,75,80,80,100,100,0,100,25,25,25,100,100,100,100,100,20,75,75,25,100,0,0,0,0,100,0,0,0,0,0,0,0,0,20,0,75,0,0,25,0,0,,0,0,0,25,50,0,50,0,75,0,75,75,0,87,0,100,75,25,0,75,100,75,25,50,75,75,100,75,75,75
The Christie NHS Foundation Trust,RBV,75,50,25,75,100,25,100,75,100,75,75,0,50,100,75,100,25,25,25,81,50,75,50,75,50,80,40,80,50,0,100,75,75,75,25,50,50,25,0,50,25,0,0,0,0,0,0,20,0,0,50,0,50,20,20,0,100,60,,,,,0,,50,100,100,20,25,75,100,75,50,20,80,80,100,50,0,25,25,75,0,25,0,0,0,0,0,25,50,0,0,,25,50,50,0,25,0,75,0,0,0,25,25,0,100,25,25,0,25,0,75,100,50,0,25,75,50,25,50,50,0
The Dudley Group NHS Foundation Trust,RNA,75,75,100,75,75,100,100,100,100,100,100,100,100,75,75,100,100,100,100,78,75,75,25,75,75,20,20,20,50,50,50,75,50,50,25,50,25,25,0,50,0,0,0,0,20,20,0,20,100,50,100,100,75,100,20,20,0,0,100,100,50,0,0,0,0,100,100,80,50,75,25,100,0,20,100,20,20,0,0,0,0,0,0,0,0,0,0,0,0,25,50,25,25,,0,0,0,25,50,0,75,0,75,50,0,75,0,87,50,25,50,100,0,75,100,25,25,25,100,100,100,100,75,75
The Hillingdon Hospitals NHS Foundation Trust,RAS,100,75,100,75,100,100,100,75,100,100,75,100,75,100,75,75,100,100,75,80,75,75,75,100,75,20,0,20,0,,50,25,25,75,0,25,25,50,0,75,50,50,0,0,40,0,0,20,100,50,25,50,50,80,0,100,60,0,100,100,100,25,80,25,100,100,100,60,50,75,25,50,50,20,80,0,0,25,0,25,25,0,0,0,0,0,25,25,0,50,25,0,75,0,0,0,0,0,75,25,25,0,75,75,25,75,0,100,0,75,75,75,25,100,100,75,75,75,100,100,100,100,100,100
The Newcastle Upon Tyne Hospitals NHS Foundation Trust,RTD,75,75,75,100,100,100,100,100,100,100,100,100,75,100,75,100,100,100,75,85,100,100,100,100,100,80,20,20,100,100,100,100,75,75,25,25,75,25,0,75,0,0,0,0,80,80,0,80,100,50,100,50,75,80,20,60,60,20,100,100,100,100,0,75,100,100,100,80,75,100,100,100,100,100,100,0,80,100,100,100,75,100,75,100,100,0,100,100,100,75,75,50,0,50,50,25,25,,25,100,100,25,25,25,75,75,25,100,50,100,75,75,50,100,100,75,75,75,100,100,100,100,100,100
The Princess Alexandra Hospital NHS Trust,RQW,25,,100,100,100,100,100,100,75,75,75,75,75,75,25,100,75,75,25,68,75,75,75,100,100,20,0,0,50,,0,25,25,25,25,25,25,0,0,0,0,0,0,0,20,40,20,0,80,25,75,100,100,60,40,80,80,20,25,0,25,25,0,50,50,80,60,20,75,75,75,75,75,0,100,0,0,25,0,25,0,0,50,0,0,0,0,0,0,0,75,50,0,,25,25,50,75,75,0,25,0,50,0,0,75,0,87,0,75,75,0,25,100,0,100,0,75,75,100,100,75,25,75
The Queen Elizabeth Hospital Kings Lynn NHS Foundation Trust,RCX,0,,75,75,25,0,75,0,0,25,25,25,75,25,25,25,75,75,25,83,25,100,0,0,50,20,20,20,0,0,0,25,0,25,50,0,0,25,0,25,25,0,0,0,20,0,0,0,0,0,0,0,0,0,0,0,60,0,,,,,20,,25,100,100,20,25,0,0,0,75,20,100,0,0,25,25,25,0,0,0,25,0,0,0,0,0,0,0,0,25,,25,0,0,0,0,0,50,0,0,0,0,50,25,52,25,0,25,0,25,25,0,0,0,25,50,75,25,50,50,50
The Queen Victoria Hospital NHS Foundation Trust,RPC,75,75,75,75,50,25,25,50,0,25,50,50,25,100,75,25,75,75,50,82,,,,,,20,0,0,0,,,0,0,0,50,50,0,50,0,0,0,0,0,0,80,0,0,0,100,25,25,25,25,100,0,20,80,0,25,0,25,0,0,0,25,80,100,0,50,0,0,75,0,0,100,0,0,0,0,0,0,0,0,0,0,0,0,0,0,0,0,0,0,,0,0,0,0,0,75,75,0,50,50,50,75,50,,0,0,0,0,0,75,100,75,25,25,75,25,0,50,0,25
The Robert Jones & Agnes Hunt Orthopaedic Hospital NHS Foundation Trust,RL1,75,25,25,50,75,25,75,50,25,75,50,25,25,75,25,75,75,50,75,91,100,75,100,100,75,80,80,20,50,50,50,75,75,25,75,25,0,25,25,50,0,0,0,0,60,0,0,40,60,25,75,75,0,0,0,20,20,0,50,50,0,0,0,0,0,100,100,100,75,50,0,75,25,0,100,0,,25,0,0,0,0,25,0,0,0,0,0,0,0,25,75,25,,0,0,75,50,75,25,100,,50,25,0,0,0,100,0,0,25,25,25,100,100,75,25,25,100,75,50,100,75,75
The Rotherham NHS Foundation Trust,RFR,50,,75,100,100,75,100,75,75,100,75,75,75,100,100,100,75,75,25,62,75,75,50,100,75,20,20,20,50,50,50,75,75,50,50,50,25,25,0,75,0,75,75,0,40,60,0,60,40,75,75,75,100,40,60,100,100,100,100,100,75,25,0,100,75,100,100,60,75,75,75,100,75,0,0,0,100,0,0,0,0,0,0,0,0,0,25,50,0,50,100,0,75,0,50,50,25,50,75,25,50,25,25,25,0,0,0,100,75,25,50,0,50,50,0,25,50,25,75,100,100,75,50,75
The Royal Bournemouth and Christchurch Hospitals NHS Foundation Trust,RDZ,75,50,75,100,100,75,100,100,25,75,75,75,25,75,75,50,75,75,75,37,75,25,50,75,75,100,100,60,50,100,50,75,25,0,25,50,100,25,25,50,25,0,0,0,60,20,20,60,60,50,75,75,25,60,20,0,0,0,,,,,20,,25,100,100,80,75,50,25,75,0,20,20,20,100,0,0,0,0,0,0,0,0,20,0,75,0,50,100,75,50,25,25,0,0,25,0,25,75,50,75,25,50,75,50,100,0,25,0,0,0,100,0,75,0,25,75,75,50,50,25,25
The Royal Marsden NHS Foundation Trust,RPY,100,75,75,75,100,100,100,100,100,100,25,100,100,25,75,75,100,100,100,89,25,75,100,100,100,60,60,60,50,50,50,75,75,75,0,25,25,0,0,25,25,0,0,0,40,20,20,20,60,75,75,100,100,60,0,0,0,0,,,,,100,,0,100,100,100,75,,0,75,25,20,20,20,80,25,25,0,25,75,25,0,25,20,25,100,25,0,0,0,0,,0,0,0,0,25,25,100,25,100,25,0,100,0,100,0,25,25,25,0,25,25,0,0,25,25,100,75,25,25,25
The Royal Orthopaedic Hospital NHS Foundation Trust,RRJ,75,75,50,75,100,75,100,100,75,50,50,75,50,75,75,75,25,50,25,74,50,75,25,75,75,20,20,0,0,0,,0,0,0,25,0,0,25,0,25,0,0,0,0,40,0,0,0,40,75,75,75,25,0,0,0,0,0,,,,,0,,0,80,100,60,75,50,0,75,0,0,0,0,,0,0,0,0,0,50,0,0,0,0,0,0,0,0,0,0,,0,0,0,0,75,0,0,0,0,25,25,0,25,100,0,100,50,0,0,75,75,25,25,50,75,50,50,50,50,50
The Royal Wolverhampton NHS Trust,RL4,100,100,100,100,100,100,100,100,75,100,100,100,75,75,100,100,100,100,100,79,100,75,75,100,100,100,100,100,100,100,100,100,75,100,75,75,75,100,50,100,50,100,100,25,100,100,100,0,100,100,100,100,100,100,80,100,0,100,100,100,100,75,80,75,50,100,100,100,100,100,75,100,100,0,0,0,0,,,,,,,0,75,0,0,25,,50,100,100,100,75,25,50,75,100,100,25,50,0,75,75,75,75,100,100,0,50,75,75,0,75,25,75,25,75,100,100,100,100,100,100
The Walton Centre NHS Foundation Trust,RET,100,100,100,100,100,100,100,100,100,100,100,100,100,50,100,100,100,100,100,88,100,100,100,100,100,40,80,60,100,100,100,100,100,75,75,100,50,25,25,50,50,25,25,25,40,80,80,40,40,50,50,75,75,20,0,0,100,0,,,,,80,,50,100,100,20,100,100,75,75,100,100,100,0,0,100,0,50,100,100,25,100,100,0,0,0,0,50,75,75,25,50,25,75,75,75,75,25,100,25,100,75,75,50,25,100,50,50,50,50,0,75,75,75,50,50,100,100,100,100,75,100
The Whittington Hospital NHS Trust,RKE,50,,50,50,100,25,100,0,25,75,75,50,50,0,0,50,75,75,25,60,50,75,50,75,50,20,20,0,50,50,,75,75,25,50,75,25,50,0,50,25,0,0,0,40,0,0,100,100,50,75,75,75,100,20,100,100,100,100,75,100,100,0,75,75,100,100,100,75,100,50,75,75,100,100,20,100,75,50,75,75,50,100,75,50,0,75,100,50,75,75,0,25,50,50,0,25,50,75,25,25,25,50,50,0,50,25,87,0,0,50,0,0,100,100,100,25,50,75,50,50,50,50,50
Torbay and Southern Devon Health and Care NHS Trust,R1G,100,75,100,75,100,100,0,100,50,100,100,50,75,75,100,75,100,75,75,76,100,75,100,100,100,20,80,20,50,50,0,25,25,0,25,50,25,0,50,25,50,0,0,0,20,20,0,0,80,0,50,50,75,20,100,100,0,0,50,75,100,100,40,0,100,100,100,60,50,50,50,100,25,20,0,0,100,25,0,,100,100,,100,100,0,0,0,0,25,25,100,25,,0,0,0,0,50,25,25,25,100,25,0,75,25,100,0,0,0,0,0,100,100,50,25,25,100,100,100,100,100,100
United Lincolnshire Hospitals NHS Trust,RWD,75,75,75,100,100,75,75,75,25,100,75,100,50,75,50,75,75,75,75,78,75,75,75,75,75,20,20,20,50,50,50,,,,,0,,0,0,,,50,0,,0,60,40,20,100,75,75,75,75,20,,80,20,,75,75,25,75,60,50,50,100,100,0,75,75,50,75,75,0,0,0,40,0,25,0,0,25,0,0,0,0,0,0,0,0,75,25,75,,0,25,25,75,75,0,75,0,50,25,25,50,25,100,,75,,75,0,75,75,25,25,25,75,75,75,75,25,25
University College London Hospitals NHS Foundation Trust,RRV,75,100,100,50,100,100,100,75,100,75,75,75,75,100,75,100,100,75,50,71,50,50,75,100,75,40,20,20,50,100,0,50,50,50,50,0,25,0,0,0,0,0,0,0,20,20,0,100,40,0,50,25,50,20,20,0,100,20,,,,,0,,50,100,100,100,50,50,25,50,75,80,80,0,100,50,75,25,75,75,0,75,75,0,0,25,75,25,50,25,0,,0,0,0,0,50,25,25,0,25,0,0,75,25,70,25,0,0,0,25,75,75,100,0,100,75,100,100,25,25,100
University Hospital Of North Staffordshire NHS Trust,RJE,50,,100,100,100,50,100,100,100,75,75,75,75,100,75,100,75,75,75,85,100,75,75,75,75,60,40,40,50,50,50,100,75,75,75,75,50,25,25,50,50,,,,40,40,80,60,100,100,50,75,75,80,80,100,100,100,100,100,100,100,100,100,100,100,100,100,100,100,25,100,25,20,20,0,0,25,25,75,0,25,25,0,0,0,0,0,0,50,100,0,100,100,0,0,50,0,0,50,75,0,100,100,25,100,0,100,0,100,75,25,0,100,100,75,25,75,100,100,100,100,100,100
University Hospital Of South Manchester NHS Foundation Trust,RM2,75,75,75,50,75,75,75,75,75,25,75,75,75,50,75,75,75,75,50,68,50,50,50,50,50,20,20,20,50,50,50,0,0,0,25,0,25,25,25,25,25,0,0,0,0,20,0,0,100,0,0,0,0,0,0,100,100,100,75,25,75,0,20,25,75,100,100,100,25,75,75,25,0,0,100,0,100,0,0,0,0,0,0,0,0,0,0,50,0,25,25,25,25,,0,0,0,25,25,25,25,0,25,25,0,25,25,87,,,,,,75,100,50,0,25,25,25,25,25,25,25
University Hospitals Birmingham NHS Foundation Trust,RRK,100,100,100,100,100,100,100,100,100,100,100,100,100,100,100,100,100,100,100,76,75,75,100,50,75,100,100,0,50,100,,100,100,100,100,100,100,50,0,100,0,50,50,100,20,100,80,100,100,50,75,100,100,100,100,20,100,20,100,75,100,100,20,50,50,100,100,100,100,75,50,100,100,100,100,100,100,100,100,100,100,100,100,100,100,100,100,75,100,100,100,100,75,100,100,75,100,100,100,50,50,50,100,75,0,100,50,100,0,50,100,100,0,100,100,100,75,100,100,100,100,100,100,100
University Hospitals Bristol NHS Foundation Trust,RA7,100,75,75,100,100,100,100,,,100,100,75,75,100,100,100,100,75,75,66,75,50,75,75,75,20,20,20,50,50,50,75,75,50,50,75,25,75,75,75,75,100,75,0,60,60,40,60,80,75,75,75,75,80,40,100,100,60,100,75,100,100,20,75,75,100,100,80,75,50,50,100,75,20,100,20,60,0,0,0,0,0,0,0,0,0,0,0,0,50,75,25,50,25,50,25,25,50,75,50,75,0,50,75,25,50,50,100,0,25,75,50,25,75,0,50,25,25,75,75,50,75,75,75
University Hospitals Coventry and Warwickshire NHS,RKB,100,75,100,100,100,100,100,100,100,100,75,75,75,75,75,75,75,75,50,78,75,75,100,75,75,80,100,20,50,100,100,75,75,25,25,25,50,25,0,75,100,0,0,0,60,20,100,80,100,50,0,50,25,80,60,100,100,60,100,25,0,75,0,50,75,100,100,60,100,75,75,75,25,0,100,20,60,75,0,50,0,50,50,0,0,0,50,25,0,25,50,75,50,,50,25,50,25,75,25,25,25,25,25,50,50,25,87,0,25,25,50,50,75,100,75,75,75,50,100,75,75,100,100
University Hospitals Of Leicester NHS Trust,RWE,100,75,75,50,100,100,100,100,100,100,100,100,100,75,75,75,75,100,100,90,75,100,100,100,100,20,20,20,50,100,100,100,75,75,50,75,50,75,25,75,75,75,75,25,100,80,20,100,100,50,75,100,75,100,80,100,100,80,100,100,100,75,20,75,75,100,100,80,75,100,100,100,100,60,60,0,100,0,50,100,100,100,100,100,100,20,100,75,75,25,50,75,50,,0,0,0,75,100,0,50,0,100,75,100,100,0,100,25,75,100,100,100,100,100,75,50,75,100,100,100,75,75,50
University Hospitals Of Morecambe Bay NHS Trust,RTX,75,50,50,75,75,75,75,75,75,75,50,50,50,100,25,75,75,75,75,77,75,75,100,100,75,60,40,20,50,50,50,50,25,50,50,75,75,50,25,50,50,50,25,0,60,40,20,20,100,25,25,25,25,20,20,20,20,20,75,75,75,75,0,75,75,100,100,100,75,50,0,75,25,0,0,0,100,25,25,0,50,50,50,0,0,0,50,50,0,50,75,0,50,0,0,0,0,0,75,25,75,0,50,50,25,50,50,100,50,0,100,75,0,100,100,50,50,25,50,75,75,75,75,75
University Hospitals Southampton NHS Foundation Trust,RHM,75,50,50,100,100,100,100,100,50,75,75,50,25,75,50,75,75,75,25,71,25,25,25,25,50,60,20,0,50,50,,75,50,75,25,75,25,75,25,75,25,75,50,100,100,,0,80,100,75,100,75,100,100,60,100,100,100,100,100,100,75,0,75,75,100,100,100,50,100,75,100,100,100,100,20,100,100,25,100,75,75,75,75,100,0,25,100,75,0,0,0,25,,75,0,50,75,100,50,75,50,100,25,0,100,25,100,0,0,100,0,0,100,25,50,100,25,75,100,50,75,50,100
Walsall Healthcare NHS Trust,RBK,50,,75,75,75,75,100,0,0,100,75,75,100,100,25,50,100,75,75,75,100,75,50,50,75,20,80,40,0,100,50,100,100,100,75,75,75,75,75,75,75,75,75,50,0,,,100,100,75,75,75,75,100,80,80,80,80,100,100,100,100,100,75,75,100,100,100,75,75,75,75,75,0,0,0,20,0,,,,,0,0,0,0,0,75,0,75,75,75,75,75,50,50,75,75,25,50,50,50,100,75,25,25,0,87,50,0,0,0,0,100,75,75,25,25,100,75,100,75,25,75
Warrington and Halton Hospitals NHS Foundation Trust,RWW,100,100,100,100,100,100,100,100,100,100,100,100,75,100,75,100,100,100,75,64,50,75,50,75,75,40,20,20,0,0,0,100,100,100,100,75,25,25,25,25,25,50,25,25,20,100,100,80,100,0,0,0,0,80,100,100,100,100,100,100,100,100,100,25,100,100,100,100,100,100,100,100,100,0,100,0,0,0,0,0,0,100,0,0,0,0,0,0,0,0,100,0,0,,0,0,0,0,0,0,0,0,100,100,0,100,0,100,100,100,100,0,0,100,0,100,100,100,100,100,100,100,100,100
West Hertfordshire Hospitals NHS Trust,RWG,25,,25,25,75,75,100,25,75,75,75,75,75,25,75,50,75,25,25,67,50,25,75,75,75,20,0,0,50,,,25,25,0,25,25,0,50,25,25,0,0,0,0,20,20,0,100,60,25,75,75,25,60,20,20,60,0,25,75,25,75,0,75,50,100,100,40,75,25,0,75,75,0,0,0,0,,,,,,,0,0,0,0,0,,0,25,0,0,,0,0,25,0,0,25,0,0,25,0,0,50,0,100,0,25,,25,0,25,25,25,75,0,50,75,100,25,50,25
West Suffolk NHS Foundation Trust,RGR,100,100,100,25,75,100,100,100,100,50,100,100,50,100,75,100,100,75,75,78,75,75,75,75,75,40,0,20,50,,50,25,50,0,25,0,0,0,0,25,25,0,0,0,80,40,0,40,100,0,75,50,25,40,60,100,100,60,75,0,25,50,0,75,25,100,100,40,25,50,0,75,25,20,100,20,100,0,25,0,0,0,0,0,0,0,0,0,0,0,50,0,0,,0,0,25,75,50,25,50,0,50,25,0,75,0,100,0,50,25,50,25,75,75,25,0,50,100,75,75,75,75,25
Western Sussex Hospitals NHS Trust,RYR,25,,75,100,100,75,100,100,100,25,100,100,75,100,100,100,100,100,75,75,100,100,100,100,100,20,80,0,100,100,,75,75,25,75,100,25,25,0,75,0,100,0,0,80,0,0,100,80,25,100,100,100,100,20,0,0,0,,,,,100,,25,100,100,100,75,100,100,100,100,100,100,0,100,100,100,100,100,100,100,100,100,0,100,100,100,100,100,100,0,100,75,75,100,75,25,0,100,25,25,75,0,100,25,100,100,100,100,100,100,100,100,75,100,75,75,100,100,100,100,100
Weston Area Health NHS Trust,RA3,50,,75,75,100,50,100,50,25,25,25,25,25,25,50,25,75,75,25,73,75,50,100,75,75,0,0,0,,,,,,,,,,75,75,,,,,0,,0,0,100,80,75,75,75,25,20,0,20,20,0,50,50,50,50,20,50,50,100,100,100,75,50,50,50,50,0,0,0,100,25,25,25,25,25,0,0,0,0,25,25,25,0,0,0,0,,0,0,0,0,0,25,75,0,25,0,25,75,0,100,0,25,25,50,0,50,100,50,0,0,75,75,75,25,25,0
Wirral University Teaching Hospital NHS Foundation Trust,RBL,100,75,100,100,100,100,100,100,75,100,100,75,75,75,100,100,75,75,75,74,75,75,75,75,100,80,100,80,100,100,100,100,100,100,100,100,75,25,25,75,25,25,75,0,100,60,100,100,100,75,100,100,100,100,100,100,100,100,100,100,100,100,80,100,100,100,100,100,75,100,100,100,50,100,100,0,0,75,25,75,75,100,75,100,100,0,0,0,50,75,100,100,100,100,100,100,75,100,100,25,75,50,100,75,25,100,100,100,100,100,75,75,75,100,100,100,100,75,75,100,75,75,75,100
Worcestershire Acute Hospitals NHS Trust,RWP,75,50,50,100,100,75,100,25,,75,75,75,75,100,75,100,100,100,75,78,100,100,50,75,75,100,100,100,0,0,0,100,50,25,25,25,25,25,25,25,25,0,0,0,100,0,0,60,60,0,75,75,50,60,20,100,100,20,75,100,100,75,0,25,75,100,100,100,100,75,100,75,25,20,100,20,100,0,25,25,25,25,,,,,,,,25,75,25,75,,75,25,25,75,50,0,50,0,75,25,50,75,25,100,0,75,75,,50,100,100,50,25,25,75,75,100,75,25,50
"Wrightington, Wigan and Leigh NHS Foundation Trust",RRF,75,75,50,75,100,75,100,100,75,50,100,75,50,75,50,75,100,75,25,87,50,50,0,75,50,20,20,20,50,50,50,25,25,75,25,75,25,25,0,25,25,25,0,0,80,60,0,40,80,0,75,75,0,20,20,100,40,20,100,100,75,75,0,50,0,100,100,60,0,100,0,75,0,0,100,0,0,0,0,0,0,0,0,0,0,0,0,0,0,0,0,0,0,,0,0,0,25,25,50,75,0,0,0,25,75,25,100,25,25,25,0,0,75,100,25,25,25,100,100,100,75,100,75
Wye Valley NHS Trust,RLQ,75,100,75,75,100,100,75,100,100,75,50,50,75,25,25,100,75,75,50,84,50,25,25,25,50,20,0,0,50,,,25,25,0,25,0,0,0,0,0,0,0,0,0,60,0,0,20,100,0,25,25,25,0,20,0,0,0,,,,,20,,0,100,100,0,75,75,0,75,75,0,100,20,100,0,25,75,25,25,0,0,0,0,0,75,0,0,25,25,25,,50,0,0,25,25,25,25,25,50,25,0,75,0,100,0,0,50,75,0,50,0,25,0,25,100,100,75,50,75,50
Yeovil District Hospital NHS Foundation Trust,RA4,100,100,100,100,100,100,100,100,100,100,75,50,50,50,25,75,50,75,50,81,75,50,0,100,50,20,60,20,50,100,50,75,50,0,0,0,0,25,0,25,0,0,0,0,60,0,0,20,100,0,0,75,50,0,20,100,0,0,25,75,75,0,0,25,50,100,100,80,75,0,0,25,75,0,0,20,100,0,0,0,0,25,0,0,0,0,0,75,0,25,25,75,50,,0,0,0,75,25,25,75,50,75,25,25,75,0,70,0,75,75,100,0,100,100,50,25,0,50,100,100,25,0,50
York Teaching Hospital NHS Foundation Trust,RCB,75,50,50,75,75,50,100,100,100,75,75,75,75,75,50,75,50,75,50,87,75,50,25,25,25,60,100,40,50,100,50,100,100,100,75,100,50,75,75,75,75,75,50,0,80,60,100,100,100,75,100,100,100,100,20,80,60,60,100,100,100,100,0,75,100,100,100,80,75,100,100,100,75,20,100,20,100,0,0,25,25,25,50,0,0,0,25,75,0,50,75,100,75,75,75,75,50,100,100,50,100,0,100,100,25,75,25,100,25,25,75,50,0,100,25,75,100,75,100,75,75,75,75,75
