organisation_name,organisation_id,y1,y2,y3,y4,y5,y6,y7,y8,y9,y10,y11,y12,y13,y14,y15,y16,y17,y18,y19,y20,y21,y22,y23,y24,y25,y26,y27,y28,y29,y30,y31,y32,y33,y34,y35,y36,y37,y38,y39,y40,y41,y42,y43,y44,y45,y46,y47,y48,y49,y50,y53,y54,y55,y56,y57,y58,y59,y60,y61,y62,y63,y64,y65,y66,y67,y68,y69,y70,y71,y72,y73,y74,y75,y76,y77,y78,y79,y80,y81,y82,y83,y84,y85,y86,y87,y88,y89,y90,y91,y92,y93,y94,y95,y96,y97,y98,y99,y100,y101,y102,y103,y104,y105,y106,y107,y108,y109,y110,y111,y112,y113,y114,y116,y117,y118,y119,y121,y122,y123,y124,y125,y126,y127,y130,y131,y132,y133,y134,y135,y136,y137,y138,y139,y140,y141,y142,y143,y144,y145,y146,y147,y148,y149,y150,y151,y152,y153,y154,y155,y156,y157,y158,y159,y160,y161
Aintree University Hospital NHS Foundation Trust,REM,100,100,100,75,100,100,100,100,100,100,100,100,75,100,75,75,75,75,100,75,75,75,100,75,67,75,100,75,75,75,100,100,100,50,50,50,75,75,100,50,75,75,75,0,50,0,0,,0,20,,100,80,80,100,50,75,100,100,100,0,100,100,0,80,100,100,60,100,75,100,25,60,100,100,100,100,100,75,75,25,100,75,100,100,40,75,25,75,75,50,75,100,75,25,50,75,75,25,75,100,,50,50,75,50,0,0,0,0,100,100,0,0,50,0,0,0,100,100,0,100,0,75,50,75,75,75,50,100,75,75,,,85,0,0,75,75,50,100,100,75,75,100,100,100,100,100,100,100,100,100,100,60
Airedale NHS Foundation Trust,RCF,100,75,100,100,100,100,100,100,100,100,75,75,50,100,75,75,75,100,100,75,100,50,100,50,71,100,100,25,100,100,40,20,20,50,0,50,100,100,75,75,75,75,75,25,75,0,100,100,0,100,100,80,80,80,100,100,100,100,100,100,60,100,100,80,40,100,20,20,50,100,75,0,0,50,75,100,100,100,100,75,50,100,75,100,100,0,,,75,100,0,100,100,25,0,25,75,50,0,25,100,,100,100,0,100,75,75,75,75,50,75,50,50,50,0,0,100,100,100,50,75,0,50,,75,75,50,50,75,75,75,75,25,100,0,,75,100,50,75,75,75,75,50,100,75,100,75,75,75,100,75,75,100
Alder Hey Childrens NHS Foundation Trust,RBS,100,100,100,100,100,100,100,100,100,100,100,75,75,100,100,75,75,100,100,100,100,100,75,100,83,100,75,75,75,75,60,100,100,50,100,100,75,75,75,75,75,75,25,25,25,25,25,25,0,20,80,100,100,20,75,100,100,100,100,100,100,100,100,0,80,100,100,100,100,100,75,100,0,100,100,100,100,100,100,100,100,100,25,80,100,80,25,25,25,75,75,75,75,75,0,75,100,25,25,25,,60,75,75,100,25,25,50,75,75,75,75,75,50,75,25,25,25,25,75,25,25,25,75,75,100,75,75,75,75,75,75,75,25,100,50,75,75,75,50,100,100,75,75,75,75,75,75,100,100,100,75,75,75,60
Ashford and St Peters Hospitals NHS Foundation Trust,RTK,100,100,100,100,100,100,100,100,100,100,100,100,75,100,75,100,100,75,100,100,100,75,75,100,85,100,100,75,100,100,100,100,60,50,100,50,100,75,75,50,25,75,50,50,25,50,25,0,0,40,,100,40,100,100,75,75,50,100,100,100,100,20,20,80,80,80,80,50,50,50,0,0,25,25,100,100,100,75,25,0,100,25,20,20,20,0,25,25,25,25,25,25,75,0,25,100,0,0,0,100,0,25,75,100,100,75,0,25,0,75,75,25,50,75,0,0,0,100,100,0,100,50,75,75,100,100,75,75,100,75,75,75,50,100,50,0,75,75,25,100,100,100,100,75,75,100,100,100,75,100,75,75,75,0
"Barking, Havering and Redbridge University Hospitals NHS Trust",RF4,100,25,75,75,50,100,100,50,25,50,75,50,0,50,25,50,0,25,75,75,75,25,75,50,66,75,75,25,75,50,40,40,20,50,100,50,75,75,50,25,50,25,0,0,25,0,0,0,0,20,,40,0,20,75,75,75,25,0,60,100,100,80,0,20,20,0,0,100,100,75,50,100,0,50,100,100,60,75,0,0,75,25,0,80,0,0,0,0,0,0,25,0,0,0,0,0,0,0,0,100,100,25,75,75,0,0,0,0,0,0,75,0,25,25,0,0,0,75,25,0,100,0,100,,100,100,100,100,100,100,100,100,,85,0,,25,75,25,100,100,75,100,75,100,100,100,75,75,100,75,75,,100
Barnsley Hospital NHS Foundation Trust,RFF,75,75,100,100,100,100,100,100,100,75,100,75,50,100,100,75,75,25,100,75,75,75,25,50,73,100,75,75,100,75,20,80,40,50,100,50,25,25,25,25,0,0,50,0,0,0,0,0,0,20,,20,20,20,75,75,75,75,,80,60,100,80,0,,100,100,,75,25,75,25,,50,75,100,100,100,50,75,50,75,0,0,0,0,0,0,0,0,0,0,,,,,,,,,0,0,50,75,0,0,0,,0,0,0,0,0,0,75,0,0,75,75,75,0,100,0,100,25,100,75,75,100,75,100,100,100,75,100,0,0,75,75,75,100,100,75,100,25,75,75,50,75,100,100,25,50,0,40
Barts Health NHS Trust,R1H,50,,75,50,75,75,100,75,100,50,75,50,50,25,25,25,50,0,50,75,75,25,50,75,77,75,75,75,75,50,80,40,0,50,50,,75,75,75,50,50,50,50,25,75,50,75,75,0,40,80,60,20,20,75,75,75,75,60,80,80,80,80,20,40,100,100,40,100,75,75,75,0,75,75,100,100,80,100,75,50,100,25,0,20,0,0,0,0,0,25,0,0,0,0,25,0,0,0,0,100,100,25,75,25,75,0,75,25,25,50,75,25,25,25,0,0,0,50,25,50,100,25,75,0,75,50,50,50,75,25,75,75,50,85,75,0,100,0,0,50,25,25,25,50,50,25,75,50,25,25,50,25,50,80
Basildon and Thurrock University Hospitals NHS Foundation Trust,RDD,75,75,100,100,100,75,100,100,100,100,100,75,100,100,50,75,75,100,75,100,100,75,75,75,71,100,100,100,100,75,100,100,20,50,100,50,100,75,75,75,50,75,25,25,50,25,0,0,0,60,,100,80,80,100,75,25,75,100,100,100,0,20,100,20,100,100,100,100,100,100,100,100,75,75,100,100,100,100,100,100,100,25,0,100,0,,,,,50,100,,,,50,100,50,,,100,0,75,100,100,25,25,50,50,50,75,50,50,25,75,50,50,100,75,100,100,100,100,100,100,100,75,75,100,100,100,100,75,50,85,50,25,75,100,100,100,100,75,75,75,100,100,100,100,100,100,75,100,75,100
Bedford Hospital NHS Trust,RC1,100,100,100,100,100,100,100,100,100,100,100,100,100,100,75,100,75,100,100,100,75,75,75,100,69,100,100,75,100,100,60,80,60,50,100,50,75,75,75,50,50,50,25,50,50,0,0,0,25,80,,20,20,40,50,50,50,50,20,40,40,40,100,20,20,80,20,0,50,75,75,75,40,25,75,100,100,20,25,75,25,75,75,100,100,20,100,25,50,75,75,75,100,100,25,75,100,100,75,50,100,0,25,50,0,25,100,25,0,25,75,50,50,0,100,0,0,0,100,50,50,100,75,,75,75,50,100,100,100,50,50,100,25,71,25,25,50,50,75,,,,,,,,,,,,,,,
Birmingham Women's and Children's NHS Foundation Trust,RLU,75,75,75,100,100,100,100,100,100,75,75,75,50,100,75,75,75,75,100,100,75,50,75,75,0,100,100,75,75,75,20,20,20,50,50,50,75,25,75,50,75,25,25,25,25,25,25,25,0,20,40,100,100,60,75,75,25,75,100,80,100,100,60,40,0,80,20,20,100,100,100,50,100,25,25,100,100,80,75,100,25,100,25,20,20,0,,,25,100,100,100,25,25,25,75,25,25,100,75,100,100,25,50,25,25,25,50,50,50,75,75,50,25,75,50,25,50,75,25,25,100,50,50,75,75,75,75,75,100,100,100,100,50,100,25,75,25,75,25,100,100,75,75,50,100,100,75,75,75,75,75,75,25,100
Blackpool Teaching Hospitals NHS Foundation Trust,RXL,100,100,75,100,100,100,100,50,0,100,100,75,75,100,75,75,100,75,100,100,75,75,100,100,82,100,100,100,100,100,40,40,40,100,100,100,100,100,100,50,75,50,75,25,50,25,75,50,0,40,100,60,20,60,100,75,100,50,20,100,20,100,100,40,80,100,80,20,100,100,100,50,20,75,100,100,100,100,100,100,50,100,75,0,0,0,,,0,0,0,,0,0,0,75,25,0,0,0,100,100,0,50,25,25,0,25,0,50,50,25,50,50,50,25,25,100,100,100,0,100,25,100,100,75,75,100,75,100,100,100,100,25,100,0,50,75,50,100,75,75,25,25,50,100,100,100,75,100,75,75,75,75,100
Bolton NHS Foundation Trust,RMC,100,75,100,75,100,100,100,100,100,100,100,100,75,100,75,75,100,100,100,100,100,75,75,25,74,100,100,75,100,100,0,0,0,,,,25,0,25,,25,0,0,25,25,25,0,0,0,0,0,100,100,20,75,100,75,75,80,100,100,100,80,0,0,40,0,,25,75,75,75,0,0,100,100,100,0,100,25,25,75,75,0,100,0,,,0,0,0,0,0,0,0,0,0,0,0,0,0,0,0,25,75,25,0,0,0,0,75,75,25,0,25,0,0,0,100,75,0,100,0,75,75,100,75,75,100,75,25,100,25,,100,0,,0,0,0,100,0,25,100,75,75,75,25,75,100,100,75,50,75,80
Bradford Teaching Hospitals NHS Foundation Trust,RAE,100,100,100,100,100,100,100,100,100,100,100,100,100,100,100,100,100,100,100,100,100,100,100,100,70,100,100,100,100,100,20,100,100,50,100,100,100,100,100,100,100,100,100,25,75,0,25,25,0,20,,80,80,100,25,100,100,100,100,0,0,0,0,,0,100,100,100,100,100,100,100,100,75,75,100,100,60,100,100,50,100,100,100,100,100,100,100,100,100,100,100,100,75,100,50,75,100,100,100,100,,100,100,100,100,100,100,75,100,100,75,75,50,50,0,25,100,100,100,25,75,50,100,75,100,100,100,75,75,75,75,100,100,100,100,100,100,100,50,100,100,100,100,100,100,75,100,75,100,100,75,75,100,100
Brighton and Sussex University Hospitals NHS Trust,RXH,25,,25,25,75,25,25,0,0,50,75,25,25,75,75,25,0,75,25,75,75,25,75,25,66,75,75,50,50,75,20,40,20,50,50,50,75,75,0,25,25,25,25,25,50,25,25,0,25,60,,20,20,40,100,75,75,100,100,100,100,20,100,40,20,0,0,0,,,,,100,,25,100,100,100,75,0,25,75,0,0,100,0,,,0,0,0,0,0,0,25,75,100,0,0,0,0,0,0,50,0,25,50,25,0,0,75,50,25,25,75,50,25,50,75,75,0,75,0,50,50,50,25,75,50,100,75,75,50,75,100,0,25,75,50,75,100,100,75,25,50,100,100,100,75,50,75,75,75,75,80
Buckinghamshire Healthcare NHS Trust,RXQ,25,,25,25,50,75,75,75,100,50,50,25,25,50,50,75,75,25,25,75,50,0,50,75,72,75,75,25,50,50,100,20,20,0,0,0,75,75,75,50,50,50,75,0,25,0,75,0,0,60,60,20,20,20,100,50,75,25,100,100,80,100,40,20,20,60,100,20,0,0,50,75,0,50,25,100,100,80,50,100,25,75,50,20,20,20,0,0,50,0,0,50,0,0,25,0,0,0,0,0,100,100,0,25,0,25,25,0,0,0,0,0,25,25,50,25,25,75,25,25,0,75,25,75,50,50,75,75,75,100,75,100,75,50,100,0,75,100,50,0,75,75,25,0,0,75,25,50,50,75,50,25,0,0,100
Burton Hospitals NHS Foundation Trust,RJF,75,25,50,75,100,50,100,100,100,50,75,50,50,75,75,50,50,75,25,75,75,75,75,50,80,75,100,75,50,75,100,80,100,100,100,100,100,100,100,100,100,100,75,75,100,100,50,75,50,80,,100,80,100,100,100,100,100,80,100,60,80,20,40,80,100,100,60,100,100,100,100,80,75,75,100,100,80,100,100,100,100,100,100,100,60,100,100,100,75,100,100,75,100,100,100,75,75,75,100,100,,100,100,50,75,75,75,100,100,75,100,75,100,100,75,25,25,100,100,75,100,75,75,100,75,75,50,75,75,100,75,25,50,100,75,100,100,75,100,75,100,75,50,75,100,100,100,100,75,25,75,75,75,100
Calderdale and Huddersfield NHS Foundation Trust,RWY,100,100,100,100,100,100,100,100,100,100,100,100,100,100,100,100,100,75,100,100,100,100,100,100,78,100,100,0,100,75,100,100,100,100,100,100,100,100,75,100,75,100,25,25,75,25,50,25,0,100,100,80,100,60,100,100,100,75,80,100,100,100,40,20,40,100,100,100,100,50,75,75,60,75,75,100,100,100,75,100,75,75,75,100,100,100,100,100,100,75,100,75,100,75,75,100,100,100,0,25,100,,25,75,100,75,75,50,75,75,0,75,0,50,75,25,0,50,75,75,0,75,75,75,75,100,75,75,50,75,50,100,50,0,100,100,50,75,75,50,100,100,100,100,75,100,100,100,75,75,100,75,100,100,100
Cambridge University Hospitals NHS Foundation Trust,RGT,100,100,100,100,100,100,100,100,100,100,100,100,100,100,100,100,100,100,100,100,100,100,100,100,84,100,100,100,100,100,100,100,100,100,100,100,100,100,100,100,100,100,75,25,50,25,25,25,100,80,,100,60,100,100,100,100,100,100,100,100,100,80,100,100,100,100,100,100,100,100,100,100,100,100,100,100,100,100,100,100,100,100,100,100,100,100,100,100,100,100,100,100,100,100,100,100,100,50,100,100,20,100,100,100,100,75,100,100,100,100,100,100,100,100,50,75,100,100,100,100,100,100,100,100,100,100,100,100,100,100,100,100,50,100,100,100,75,50,75,100,75,100,100,100,100,100,100,100,100,100,100,100,75,100
Central Manchester University Hospitals NHS Foundation Trust,RW3,100,50,75,75,100,100,100,100,75,75,75,50,50,100,25,75,75,100,100,100,75,50,75,75,72,75,75,50,75,50,80,100,20,0,100,50,75,75,50,75,50,50,50,50,25,25,50,50,0,60,20,0,0,80,75,75,75,50,0,80,80,100,60,0,80,100,100,100,100,100,100,100,60,75,100,100,100,100,75,50,50,100,0,20,80,0,,,25,0,25,25,25,0,0,25,50,0,0,0,100,20,50,50,100,75,50,25,25,0,75,50,25,25,50,0,25,75,100,75,25,75,75,75,,75,75,50,75,25,0,75,75,50,100,25,25,75,25,0,100,50,75,50,75,75,100,75,50,50,75,75,75,50,80
Chelsea and Westminster Hospital NHS Foundation Trust,RQM,100,100,100,100,100,100,100,100,100,100,100,100,100,75,100,100,100,100,100,100,100,100,100,100,85,100,100,75,75,100,80,40,60,50,100,50,75,100,50,75,75,25,25,25,50,75,25,75,25,80,,60,40,60,100,75,75,50,100,100,100,100,80,60,80,100,100,100,100,75,75,75,80,75,75,100,100,100,75,100,75,75,100,60,80,,75,75,75,75,25,75,75,75,25,50,75,50,75,25,100,100,25,25,50,25,0,0,50,50,50,50,25,75,100,25,25,25,100,100,0,75,25,,,,75,,,,,,75,,100,25,100,75,100,50,100,100,50,50,100,100,100,100,50,75,100,75,100,100,
Chesterfield Royal Hospital NHS Foundation Trust,RFS,100,100,75,75,100,100,100,100,100,75,75,100,50,75,75,75,0,75,25,75,50,50,50,50,66,100,100,25,100,75,40,20,40,50,50,50,75,75,50,25,75,0,75,50,25,0,50,0,0,20,100,80,0,20,75,75,75,75,60,100,20,100,80,60,20,100,100,20,25,75,100,75,20,75,25,100,100,60,75,100,75,100,100,100,100,80,75,25,75,50,25,0,75,75,,75,0,75,0,100,100,100,50,75,25,25,25,0,0,0,75,75,50,0,75,0,0,100,100,75,25,75,0,50,50,75,75,100,75,100,100,100,75,75,100,25,50,0,75,75,100,0,75,75,75,100,100,100,75,50,100,100,50,75,100
Christie NHS Foundation Trust,RBV,100,100,100,100,100,100,100,100,100,100,100,100,100,100,100,100,100,100,100,100,100,50,50,100,85,100,100,75,100,50,100,60,100,50,50,100,100,100,100,75,75,100,25,0,100,50,25,25,0,100,,100,100,60,100,100,100,100,100,100,100,,0,,100,20,100,60,100,100,100,100,100,75,75,100,100,60,75,100,100,75,75,20,100,80,50,100,100,75,100,100,100,75,0,100,100,0,,100,100,,75,100,100,100,75,100,75,100,100,75,75,100,100,75,50,100,100,75,100,100,75,100,100,100,100,100,100,100,100,100,100,,100,50,25,100,50,75,100,100,75,75,100,75,100,50,75,50,100,75,25,100,100
City Hospitals Sunderland NHS Foundation Trust,RLN,100,100,100,100,100,100,100,100,100,100,100,100,75,100,100,100,100,100,100,100,100,100,75,100,86,100,75,100,100,100,80,100,100,50,100,100,100,100,100,75,100,75,75,25,100,75,25,25,0,100,,100,100,60,100,100,100,100,100,80,100,100,40,0,40,100,100,100,100,100,100,100,0,100,100,100,100,100,75,100,100,100,100,100,100,100,100,75,100,100,100,100,100,75,75,100,100,100,25,25,100,,100,100,75,75,75,75,100,100,100,75,75,25,75,25,50,50,75,75,25,100,50,75,75,100,100,75,100,100,100,100,100,,100,50,100,100,100,50,100,25,75,100,100,100,100,75,100,100,100,100,75,75,100
Clatterbridge Cancer Centre NHS Foundation Trust,REN,100,100,100,100,100,100,100,100,100,100,75,75,75,75,75,75,100,100,75,75,75,75,75,75,80,75,75,75,50,75,100,80,100,100,100,100,100,100,75,100,100,75,100,50,75,25,75,50,0,100,,100,100,20,50,100,100,100,20,20,20,,20,,60,100,100,,100,75,75,100,100,50,75,100,100,60,75,75,75,75,75,20,20,100,75,100,100,100,100,75,100,75,0,75,75,25,75,75,100,,75,75,75,50,75,50,75,50,75,75,75,50,100,75,50,50,100,100,50,75,50,100,50,75,75,75,75,100,75,75,100,,100,0,100,50,75,50,100,100,100,75,50,100,75,75,50,50,100,75,75,100,100
Colchester Hospital University NHS Foundation Trust,RDE,100,100,100,100,100,100,100,100,100,100,100,75,75,100,100,100,100,75,100,100,100,100,100,100,84,100,100,75,100,75,40,40,20,100,50,50,50,50,75,50,50,25,50,75,50,50,75,25,0,,,40,40,60,100,100,100,100,100,100,100,100,100,60,20,100,100,0,100,100,100,100,100,100,100,100,100,100,100,100,100,100,0,0,0,0,0,0,0,0,0,0,0,0,0,0,0,0,0,0,100,100,75,75,50,0,50,0,0,0,75,0,75,0,100,0,0,,100,75,100,100,50,100,100,100,100,100,100,100,100,100,100,,100,100,100,100,100,100,100,100,50,75,75,100,100,100,100,100,100,100,100,100,100
Countess Of Chester Hospital NHS Foundation Trust,RJR,75,50,50,75,100,100,75,100,0,75,75,50,0,75,50,75,0,25,75,75,75,50,50,75,72,100,100,75,75,50,100,60,80,100,50,100,75,75,75,25,50,50,75,75,75,75,75,0,0,80,,60,0,40,75,100,75,50,0,100,100,100,100,0,80,100,100,100,100,100,100,75,20,75,100,100,100,80,100,100,25,100,100,100,100,20,75,50,100,50,25,50,75,75,25,75,50,75,50,100,0,0,25,100,75,75,,25,25,25,75,75,25,75,75,25,25,50,100,100,100,75,25,75,25,100,100,75,75,75,75,100,75,0,100,50,75,75,75,0,100,100,50,25,75,100,75,75,75,75,75,75,50,50,100
County Durham and Darlington NHS Foundation Trust,RXP,100,100,100,100,100,100,100,100,100,100,100,75,50,100,75,100,100,75,100,100,100,100,100,100,93,100,100,75,100,100,100,100,60,50,100,100,100,100,75,50,50,75,75,25,75,50,50,50,0,40,100,20,20,80,50,50,100,75,100,100,20,20,20,20,60,60,100,40,50,25,75,75,0,75,75,100,100,100,100,100,75,100,75,80,100,,75,75,75,75,75,50,100,100,0,75,75,75,0,100,80,,50,75,100,50,50,50,50,50,100,0,50,50,100,75,75,100,100,100,0,75,0,75,75,75,75,100,75,75,75,100,100,75,71,0,50,75,100,25,100,100,100,75,50,100,100,100,100,100,100,100,100,50,80
Croydon Health Services NHS Trust,RJ6,75,50,75,100,100,75,100,75,75,75,100,50,50,100,25,50,100,100,100,100,100,25,50,50,73,100,100,100,100,100,80,100,80,50,100,100,75,75,75,75,100,75,25,25,50,0,50,0,25,40,40,60,40,60,25,100,100,100,40,80,0,80,0,0,80,100,100,100,100,100,100,100,100,100,100,100,100,100,100,100,100,100,75,100,100,100,75,75,75,75,75,75,75,100,50,75,100,100,50,50,100,100,75,75,100,0,75,75,75,100,50,50,50,0,75,50,0,0,100,100,25,100,75,75,50,25,100,25,75,75,25,75,75,0,100,100,100,100,100,50,75,75,75,75,100,50,50,50,50,50,25,25,25,100,80
Dartford and Gravesham NHS Trust,RN7,100,100,100,100,100,100,100,100,75,100,100,100,100,25,75,75,75,100,100,100,100,75,100,100,75,100,75,75,75,75,40,40,40,50,50,50,100,50,75,50,75,50,75,0,75,0,50,50,0,,,0,60,60,100,100,100,50,100,100,100,100,80,0,80,100,100,80,100,75,100,100,100,100,100,100,100,60,100,75,25,100,75,20,100,20,25,25,25,25,25,,25,0,0,0,100,25,25,25,100,,75,75,0,0,0,25,0,0,75,75,100,75,75,75,0,75,75,0,75,100,75,100,100,100,100,50,75,100,100,100,50,100,100,25,75,100,,100,100,25,75,100,75,100,100,100,100,100,100,75,100,100,80
Derby Teaching Hospitals NHS Foundation Trust,RTG,75,75,100,75,100,100,100,75,75,100,75,75,75,75,75,50,100,100,75,75,75,50,75,75,81,75,75,75,75,100,40,100,40,50,100,50,100,100,100,100,75,75,75,50,75,75,50,25,50,80,,100,60,100,100,100,100,100,80,100,100,100,100,60,80,100,100,40,100,100,100,75,20,100,100,100,100,100,75,100,75,100,100,100,100,80,100,75,100,100,100,75,100,100,50,75,100,100,,75,100,100,75,75,100,75,75,50,75,75,75,75,75,75,75,25,50,0,100,100,50,100,75,100,75,100,75,100,100,100,75,100,75,100,100,50,100,100,75,75,100,100,75,75,75,100,100,100,100,100,100,100,25,75,100
Doncaster and Bassetlaw Teaching Hospitals NHS Foundation Trust,RP5,100,50,100,75,100,100,100,25,50,75,75,50,50,75,75,75,100,50,100,75,100,50,75,75,76,100,100,75,75,100,80,20,20,50,50,50,75,75,25,25,25,0,25,0,25,0,25,0,0,20,40,0,0,40,75,75,75,75,80,80,0,0,0,0,80,80,80,0,75,100,100,75,100,50,75,100,100,60,75,100,50,75,75,100,80,0,,,100,75,50,0,75,75,0,50,75,75,,100,100,,0,75,0,25,0,25,25,0,50,25,75,50,75,0,0,0,25,25,0,75,25,75,100,25,25,75,75,100,100,75,100,0,100,50,0,100,75,75,75,0,75,100,75,100,100,75,50,50,100,50,25,0,80
Dorset County Hospital NHS Foundation Trust,RBD,75,25,75,75,100,100,75,100,25,75,75,50,50,50,50,75,100,75,100,75,75,75,25,50,89,75,75,75,50,50,40,100,40,50,100,50,100,75,75,50,25,50,50,25,25,50,25,25,0,40,,20,20,40,75,75,75,75,40,100,100,100,60,40,20,100,100,40,50,50,75,50,100,50,75,100,100,20,50,50,50,50,100,100,60,100,75,75,75,100,75,75,75,50,25,25,75,75,,75,100,100,75,75,75,25,25,25,0,25,50,50,0,25,75,75,0,50,100,75,75,75,50,75,50,25,75,75,50,75,50,75,50,50,100,0,50,75,50,50,100,100,100,100,50,100,100,75,75,75,75,100,50,50,100
Dudley Group NHS Foundation Trust,RNA,100,75,100,75,100,100,100,100,100,100,100,100,75,100,100,100,100,100,100,100,100,100,100,100,78,100,100,75,100,75,20,20,20,50,50,50,75,75,75,50,50,25,25,0,50,0,0,0,0,20,,20,0,20,75,100,100,75,100,100,100,80,100,20,40,20,60,20,100,100,50,75,0,0,25,100,100,80,75,75,25,100,0,20,100,20,0,25,0,25,50,0,25,0,0,25,0,0,0,0,20,0,25,50,0,25,25,25,25,0,25,50,0,0,75,0,0,75,75,75,0,75,0,25,25,25,0,25,25,100,0,75,50,0,85,50,25,50,100,0,100,100,75,50,25,100,100,100,100,75,75,100,100,25,60
East and North Hertfordshire NHS Trust,RWH,75,100,75,75,100,50,100,100,75,75,100,75,50,75,75,50,100,0,50,100,100,75,50,75,85,75,75,50,75,50,40,20,40,50,50,0,75,75,0,75,0,0,0,0,0,0,0,0,0,20,,20,60,60,25,25,25,50,20,100,80,100,20,80,20,80,100,20,0,25,25,50,0,75,75,100,100,0,0,25,0,75,50,20,80,20,0,25,0,0,25,0,25,0,0,0,0,0,25,25,40,100,25,25,50,0,25,25,0,25,50,50,50,75,75,25,50,25,50,25,25,75,25,50,50,50,75,50,75,75,50,75,50,25,100,75,25,75,75,25,75,50,75,75,25,50,50,75,75,25,0,50,75,50,60
East Cheshire NHS Trust,RJN,100,50,75,50,100,100,100,100,75,100,75,50,50,75,50,75,75,50,75,75,75,75,75,75,67,100,100,75,100,100,40,40,20,50,50,50,75,50,50,25,0,50,75,75,75,75,75,75,0,80,100,20,20,60,75,75,50,50,40,80,80,80,20,20,20,0,80,20,,,,,20,,25,60,60,20,50,25,0,25,25,0,100,20,,,0,25,0,0,25,0,0,0,25,0,,,100,,50,25,50,25,25,25,25,25,25,50,25,0,25,0,0,25,100,75,25,75,0,25,25,25,50,50,50,25,50,75,75,75,100,50,75,100,75,25,50,50,50,50,25,25,100,100,50,0,25,25,25,75,60
East Kent Hospitals University NHS Foundation Trust,RVV,100,100,100,100,100,50,100,100,100,50,75,100,75,100,75,100,75,100,100,100,100,75,75,100,73,100,100,75,100,75,60,100,80,50,100,50,100,100,75,75,75,50,75,0,75,0,75,75,25,80,,60,60,60,100,75,100,75,100,100,100,100,100,80,100,100,100,100,100,100,100,50,100,75,75,100,100,100,100,100,100,100,0,20,20,20,25,0,0,0,0,75,25,25,0,0,0,0,0,0,100,100,100,100,100,100,50,,0,50,25,25,25,25,50,0,0,0,50,50,100,100,50,100,100,100,50,75,75,50,75,100,100,100,100,,25,75,,25,100,100,100,100,100,100,100,100,100,75,100,100,100,50,60
East Lancashire Hospitals NHS Trust,RXR,100,100,100,100,100,100,100,100,100,100,100,100,50,100,75,100,100,100,100,100,75,100,75,100,73,100,100,75,100,75,40,40,40,50,50,50,75,50,100,50,50,75,75,25,75,25,50,50,0,60,80,100,100,80,100,100,75,75,100,100,100,100,100,40,80,100,100,80,100,50,100,100,20,100,100,100,100,80,100,100,75,100,75,20,100,0,,,0,100,100,0,0,25,25,,100,,,50,100,100,50,50,25,25,,25,75,75,100,75,0,50,50,0,25,100,100,100,100,75,0,75,75,100,100,100,75,100,100,100,100,50,100,0,100,75,100,50,100,100,75,50,25,100,100,100,100,100,100,100,75,100,40
East Sussex Healthcare NHS Trust,RXC,75,75,100,75,100,75,100,100,75,100,75,75,50,75,75,75,0,75,75,100,100,75,75,75,71,75,50,50,75,50,20,80,40,50,100,0,75,50,25,50,75,25,25,25,75,75,25,50,0,60,60,20,20,20,75,75,75,50,80,80,80,20,80,20,40,100,20,20,75,25,25,0,0,25,0,100,100,80,75,50,0,100,50,0,40,0,,,0,0,0,0,0,0,0,0,0,0,0,0,100,100,50,50,75,25,0,0,0,25,0,0,25,0,75,0,0,0,25,0,25,100,50,75,75,75,75,50,75,75,75,75,75,50,85,0,0,50,25,25,75,75,75,25,25,75,100,100,75,50,75,75,50,0,20
Epsom and St Helier University Hospitals NHS Trust,RVR,75,75,50,50,75,75,100,25,50,75,50,25,25,50,75,25,50,75,75,75,50,50,50,50,72,75,75,75,75,50,20,100,20,50,100,50,25,25,50,50,25,50,50,25,25,25,25,25,0,20,,0,0,40,0,75,50,75,0,0,0,0,0,40,40,80,80,80,100,25,100,75,0,25,75,100,100,100,75,100,0,100,75,100,100,40,75,50,75,0,0,0,75,50,0,25,25,0,0,0,100,0,25,25,75,0,,50,25,75,25,25,25,50,75,50,25,100,50,50,0,100,75,75,75,50,50,75,75,100,100,100,75,50,85,75,75,0,75,25,100,75,75,25,25,75,100,100,75,50,75,75,50,75,0
Frimley Health NHS Foundation Trust,RDU,100,25,100,75,100,100,75,100,100,100,100,75,50,100,100,100,75,100,100,100,100,50,75,100,76,75,75,50,75,50,60,20,20,50,50,50,100,75,75,50,25,100,50,25,50,50,0,0,0,40,60,0,0,40,75,50,50,25,40,100,80,100,40,40,40,100,100,60,100,75,100,75,100,25,100,100,100,80,75,100,100,100,25,0,0,0,0,0,0,0,0,0,0,0,0,0,0,0,0,0,80,0,25,75,0,0,25,25,0,0,75,100,25,0,75,0,0,0,100,100,25,50,75,75,50,75,75,50,75,100,100,100,75,0,100,50,0,75,100,0,100,100,75,75,50,75,75,50,100,75,75,75,75,75,60
Gateshead Health NHS Foundation Trust,RR7,100,75,100,75,100,100,100,100,100,75,100,75,75,100,75,100,75,100,100,100,100,75,75,100,93,100,100,100,75,75,40,100,20,100,100,50,75,75,50,50,50,50,50,25,25,50,0,0,0,20,80,100,0,60,100,100,75,100,80,100,0,100,80,20,,,,,75,75,75,75,80,100,50,,,,75,75,75,75,100,100,100,0,,,100,75,50,0,100,75,0,0,75,,0,25,100,,25,75,75,50,75,50,25,50,75,75,50,0,50,0,0,50,50,75,50,75,25,75,,75,75,75,75,75,75,100,75,50,100,25,25,75,25,25,100,100,75,75,25,100,100,100,50,50,0,75,100,0,80
George Eliot Hospital NHS Trust,RLT,75,75,100,100,100,100,100,100,75,100,100,75,100,100,100,100,100,100,100,100,100,100,100,100,75,75,50,25,75,75,20,100,20,100,100,100,100,75,75,75,100,75,50,50,50,50,0,0,0,100,,40,40,40,100,100,100,75,100,100,100,100,60,0,20,0,0,20,,,,,0,,75,100,100,80,100,100,50,100,25,0,100,0,0,0,0,0,0,0,0,0,0,0,25,0,0,0,0,100,0,75,100,25,0,0,0,0,75,75,25,50,100,0,50,50,50,100,25,75,75,100,50,100,100,100,75,100,100,100,100,75,100,50,50,75,75,0,100,100,100,100,75,100,100,100,75,75,75,100,100,100,100
Gloucestershire Hospitals NHS Foundation Trust,RTE,75,75,75,75,75,75,75,75,100,75,75,25,25,75,75,25,75,50,100,75,75,50,75,75,77,75,75,75,100,75,20,20,0,50,50,,75,75,75,25,25,25,50,0,25,0,25,0,0,20,,0,0,80,75,75,75,75,100,100,0,0,0,20,20,40,100,20,75,25,75,50,0,75,75,100,100,,25,25,75,100,75,0,80,20,,,25,0,0,0,0,0,0,0,0,0,0,0,0,20,25,25,0,25,0,0,0,0,25,25,0,25,25,25,25,25,0,0,75,75,25,75,75,25,25,75,50,75,50,75,50,75,85,0,50,75,50,75,100,100,50,100,25,75,100,100,75,50,75,50,0,75,100
Great Ormond Street Hospital For Children NHS Foundation Trust,RP4,100,100,100,100,,100,100,100,100,100,100,100,100,75,75,75,50,100,100,100,100,75,75,100,77,100,100,100,100,100,40,40,0,50,50,,25,25,0,25,25,25,0,0,0,25,0,0,0,40,,0,0,60,0,25,25,0,0,,,,0,,0,0,0,0,,,,,20,,0,100,100,60,0,0,0,75,75,100,100,20,75,75,75,75,25,,75,50,25,25,0,75,,0,,100,25,50,100,0,0,0,0,0,0,0,0,100,100,75,0,100,100,50,75,100,100,0,0,75,25,100,25,75,75,75,100,,85,0,0,0,0,0,100,100,100,100,50,100,100,100,100,75,100,75,75,100,100
Great Western Hospitals NHS Foundation Trust,RN3,100,75,100,100,100,100,100,100,100,100,100,75,25,100,75,75,25,75,100,100,100,75,75,75,77,100,75,75,75,75,20,20,20,50,50,0,75,75,50,50,50,50,25,25,75,25,0,0,0,100,,20,20,40,75,75,75,75,80,80,20,20,80,20,0,,100,20,75,75,25,25,80,50,25,100,100,60,25,75,0,75,75,80,100,60,75,25,75,75,75,75,75,50,0,50,50,50,50,50,100,80,50,100,0,75,0,25,25,0,100,0,50,25,50,25,25,100,100,100,25,75,25,75,50,100,75,100,100,100,100,100,75,75,85,0,,75,50,25,75,75,25,50,25,75,100,50,100,100,50,100,75,75,80
Guys and St Thomas NHS Foundation Trust,RJ1,100,50,100,50,100,75,100,100,100,100,75,75,50,75,75,75,75,25,100,100,100,50,75,75,92,75,50,25,75,25,80,100,60,100,100,50,75,75,75,75,50,50,75,0,75,0,75,50,50,60,100,80,20,60,0,50,50,25,20,60,60,0,0,20,60,100,100,100,100,50,100,75,0,50,25,100,100,100,75,100,0,75,75,100,100,20,75,75,100,50,75,75,75,100,0,0,75,100,25,100,100,100,50,75,75,0,50,25,25,25,25,50,0,50,100,0,25,75,25,25,0,75,0,25,75,25,75,75,100,25,75,75,75,75,100,0,0,25,25,25,50,75,75,0,75,100,100,100,100,25,50,75,50,25,60
Hampshire Hospitals NHS Foundation Trust,RN5,75,25,100,75,100,75,100,100,100,75,75,50,50,75,50,25,0,75,75,100,75,50,75,75,0,75,75,25,50,50,40,20,20,50,50,0,75,75,75,75,75,50,0,50,50,75,75,75,0,60,,60,0,100,100,75,100,75,80,80,0,0,20,20,40,80,80,60,100,100,100,75,20,75,75,100,100,100,75,75,0,75,75,100,100,0,75,0,100,100,25,75,75,75,0,75,100,50,0,0,100,100,75,100,0,25,0,0,0,0,100,0,0,0,0,0,0,0,25,0,0,100,25,50,75,25,25,100,100,100,25,100,100,25,100,0,0,75,50,0,100,100,75,100,25,0,100,100,50,0,0,25,75,75,100
Harrogate and District NHS Foundation Trust,RCD,100,100,100,100,100,100,100,100,100,100,100,100,100,100,75,100,100,100,100,100,100,100,75,100,84,100,100,75,75,100,20,80,20,50,100,50,75,50,75,50,0,50,25,0,25,0,50,75,0,20,20,40,0,0,0,50,50,50,40,100,100,100,0,20,20,100,100,0,75,50,75,75,20,75,25,100,100,100,75,100,0,75,75,100,100,0,50,0,75,100,100,0,50,75,0,25,100,100,25,100,100,,0,0,100,25,75,25,25,25,25,25,50,0,50,0,0,,100,50,25,75,50,50,50,75,50,75,50,50,50,75,75,50,100,0,75,75,0,0,75,0,50,0,25,75,50,25,100,100,100,100,50,75,80
Heart Of England NHS Foundation Trust,RR1,75,50,100,50,100,100,100,100,50,100,100,75,50,75,50,50,100,100,75,75,75,50,50,75,40,75,25,25,50,25,20,20,20,50,50,50,75,75,75,50,25,0,50,75,75,75,0,0,0,80,100,100,20,60,0,75,75,75,20,20,100,,40,0,20,60,100,80,100,100,50,50,80,50,50,100,100,40,75,75,100,100,75,100,100,40,75,25,75,75,25,0,75,75,25,75,75,75,0,25,0,20,0,0,0,25,50,50,25,75,75,50,50,25,25,25,50,50,75,75,75,75,0,,,75,75,75,100,75,,75,75,,100,0,50,25,75,25,75,25,75,25,50,75,75,100,50,25,25,75,75,100,0
Hillingdon Hospitals NHS Foundation Trust,RAS,100,75,100,75,100,100,100,75,100,100,100,50,100,75,100,75,100,75,75,100,100,75,100,75,80,100,75,75,75,100,20,0,20,0,,50,25,25,75,0,25,0,50,0,75,50,50,0,0,40,,0,0,20,50,25,50,50,80,100,100,100,100,20,0,100,80,,100,100,100,25,80,25,100,100,100,60,75,75,25,50,50,20,80,0,25,0,25,0,0,0,0,0,0,25,25,0,0,0,100,0,50,25,0,75,0,0,0,0,0,75,0,25,25,0,25,100,75,75,25,75,0,100,75,25,100,75,75,100,50,100,75,50,100,0,75,75,75,25,100,100,75,75,75,100,100,100,100,100,100,100,100,50,100
Homerton University Hospital NHS Foundation Trust,RQX,100,100,100,100,100,100,100,100,100,100,100,100,75,100,75,100,75,75,100,75,75,75,75,75,77,100,100,75,50,75,,,,,,,,,,,,,,,,,,,,,,60,20,80,100,100,100,100,100,100,100,100,20,0,60,100,100,80,100,100,100,100,20,100,100,100,100,80,75,100,75,75,75,100,100,80,75,75,100,100,100,75,100,75,75,100,100,100,50,100,0,,75,75,100,0,100,75,100,75,75,75,75,0,75,0,0,50,75,75,75,100,50,50,50,75,75,100,75,75,,75,75,,100,100,75,75,,75,50,50,75,0,75,75,100,100,100,100,75,75,75,50,100
Hull and East Yorkshire Hospitals NHS Trust,RWA,100,100,100,100,100,75,100,100,100,100,100,100,75,100,75,75,100,100,100,100,100,100,50,100,71,100,100,75,100,75,60,40,20,100,100,50,75,75,100,100,75,75,50,0,100,50,0,0,0,80,,80,80,100,100,100,100,100,20,100,20,100,100,80,60,100,100,40,100,100,100,100,0,100,100,100,100,40,75,100,75,75,100,20,20,20,25,0,25,25,25,100,25,25,0,0,0,0,0,0,100,,50,75,75,100,50,50,0,0,100,100,75,25,25,25,25,25,100,75,25,100,25,100,75,100,100,100,100,100,100,100,100,25,100,25,100,75,100,25,75,25,50,25,75,75,100,75,75,50,75,100,75,50,100
Imperial College Healthcare NHS Trust,RYJ,100,100,100,100,100,100,100,100,100,100,100,100,100,100,100,100,100,100,100,100,100,100,100,100,66,100,100,75,75,100,80,80,80,100,100,50,100,100,100,100,100,100,25,0,25,0,25,25,75,80,100,60,20,80,100,100,100,75,100,100,100,100,60,20,20,100,100,20,100,100,100,100,0,100,75,100,100,80,75,75,75,75,100,100,100,60,75,100,100,75,75,75,100,75,0,100,25,75,,75,100,100,0,75,75,25,50,50,50,75,25,75,75,50,50,25,75,25,50,25,25,75,75,100,75,100,25,100,100,100,100,100,100,,100,100,100,75,100,25,75,100,100,50,50,100,100,75,75,50,75,75,75,75,100
Ipswich Hospital NHS Trust,RGQ,100,100,100,100,100,100,100,100,100,100,100,100,75,100,100,100,100,100,100,100,100,100,100,100,83,100,100,100,100,100,60,60,0,100,100,50,75,75,75,75,50,50,75,25,50,25,75,50,0,20,,20,20,60,75,50,100,50,100,100,100,100,100,40,60,80,80,60,100,100,100,100,100,75,75,100,100,60,50,75,25,75,50,20,20,20,50,50,50,50,50,50,50,50,50,50,50,50,50,50,20,0,0,0,0,0,50,0,0,0,0,75,0,25,50,0,25,25,75,75,25,100,25,75,75,75,75,75,75,75,75,75,75,0,100,50,75,100,75,75,100,100,100,50,50,100,100,75,100,100,100,100,75,75,100
Isle Of Wight NHS Trust,R1F,75,75,25,75,100,25,100,25,0,25,75,25,25,25,75,75,25,25,25,50,50,75,25,75,68,75,75,75,75,75,60,80,20,50,100,50,75,75,75,50,25,25,75,75,75,75,25,0,0,60,20,80,20,60,75,100,100,100,40,80,80,100,0,80,,,0,0,50,50,50,0,0,75,50,100,100,,75,75,75,100,75,100,100,20,75,0,100,75,75,75,75,75,50,0,100,75,75,75,100,100,,50,75,25,,75,50,25,0,25,25,50,75,50,75,50,75,25,0,100,50,75,,75,50,25,75,,,,50,100,71,0,,,100,25,75,0,75,25,25,100,100,50,50,25,50,75,75,25,60
James Paget University Hospitals NHS Foundation Trust,RGP,75,75,100,75,100,100,100,100,50,75,100,100,50,100,50,75,50,75,75,100,100,75,75,75,70,100,75,75,75,50,100,100,100,50,50,50,75,75,75,75,50,75,50,25,50,50,75,25,0,100,,80,40,40,100,100,100,100,100,100,100,100,40,,60,20,20,20,75,50,50,25,60,0,25,100,100,100,50,50,25,25,100,100,100,40,75,75,,100,75,75,75,50,75,,100,,,,,,0,50,0,0,0,0,0,0,0,0,0,0,75,0,25,25,25,0,0,75,50,75,75,75,25,50,75,75,75,75,75,,100,25,,50,,,75,25,50,50,50,75,100,25,75,75,75,75,100,75,100
Kettering General Hospital NHS Foundation Trust,RNQ,75,50,100,75,75,75,100,75,50,50,75,50,75,50,75,50,100,75,75,75,75,50,50,25,68,75,75,75,75,75,20,0,20,100,,100,50,25,50,50,50,25,75,50,25,0,0,0,0,20,,80,80,40,75,75,75,75,80,100,80,80,20,20,20,80,80,0,50,100,100,75,100,50,50,100,100,20,75,25,0,75,0,0,80,0,,,0,50,75,0,50,0,0,75,75,0,0,0,100,100,0,75,0,75,0,0,0,0,0,25,0,25,75,0,0,,75,50,50,100,0,,,75,75,75,75,75,75,75,50,75,100,25,,75,,0,75,75,25,0,50,75,50,25,50,75,75,50,50,75,0
Kings College Hospital NHS Foundation Trust,RJZ,100,75,75,100,75,75,100,100,100,75,75,75,100,75,75,75,75,75,75,75,75,75,75,100,73,75,75,50,50,75,60,60,20,0,100,50,75,75,75,75,50,75,25,0,75,50,50,0,0,60,,60,40,60,75,25,25,25,60,60,80,80,100,60,80,60,100,100,100,100,100,50,100,75,75,100,100,100,50,75,50,100,75,60,100,40,50,50,75,25,25,25,75,75,25,50,75,75,50,25,80,80,25,50,75,0,50,25,25,25,25,75,25,25,25,0,0,75,75,25,0,100,25,25,25,75,75,50,25,75,50,75,75,25,85,0,0,0,25,25,100,75,75,50,25,75,100,25,100,50,75,100,0,25,80
Kingston Hospital NHS Foundation Trust,RAX,100,75,75,100,100,75,100,100,100,100,75,75,75,75,75,75,75,75,75,100,75,75,75,75,81,75,75,75,75,75,80,80,40,50,100,100,100,100,75,75,50,75,50,0,25,25,0,0,0,40,,60,20,100,0,75,100,75,60,60,80,80,80,0,80,100,100,20,100,100,75,100,0,75,75,100,100,20,75,100,75,100,100,80,100,20,50,50,100,75,50,75,50,75,,50,100,75,50,75,80,80,0,100,100,0,50,75,50,75,75,100,50,25,50,25,25,50,50,25,75,100,50,100,50,100,100,100,50,100,100,100,100,50,85,100,100,75,,,100,75,75,25,50,75,75,75,75,75,75,75,75,75,
Lancashire Teaching Hospitals NHS Foundation Trust,RXN,100,100,100,100,100,100,100,100,100,100,100,100,75,100,100,75,75,100,100,100,100,100,100,75,81,100,100,75,75,50,60,60,60,50,50,50,100,100,100,100,75,75,0,0,50,50,0,0,0,20,,40,0,20,100,100,100,50,100,100,40,100,0,,20,100,100,20,100,75,100,100,80,75,100,100,100,80,75,100,100,75,75,20,100,0,,,75,75,50,100,100,100,100,100,75,100,0,75,100,,50,75,75,0,0,75,50,75,100,100,75,75,100,75,75,100,100,100,50,100,75,75,100,100,100,100,100,,75,100,75,100,85,0,0,100,100,0,100,100,100,50,75,100,75,100,100,75,75,100,75,100,80
Leeds Teaching Hospitals NHS Trust,RR8,75,75,100,100,100,100,100,100,75,75,50,50,25,75,75,75,100,75,100,100,75,25,100,100,78,75,100,75,75,100,60,40,40,50,100,50,100,75,75,50,75,75,100,100,100,100,100,75,0,60,,60,40,40,100,100,75,75,80,100,80,100,20,20,40,100,60,40,100,50,75,50,0,25,75,100,100,80,100,100,25,100,25,60,100,20,50,0,25,75,75,25,50,25,25,50,75,75,0,0,100,100,50,50,75,75,25,25,50,50,100,100,50,25,50,25,25,75,50,25,25,75,25,75,50,25,50,25,75,50,25,75,75,25,85,0,75,100,50,100,50,75,25,0,0,100,25,50,50,25,25,25,25,25,60
Lewisham and Greenwich NHS Trust,RJ2,100,75,100,100,100,75,75,75,50,75,75,50,75,75,75,75,75,75,75,100,75,50,75,75,75,75,75,75,75,75,40,20,20,50,50,50,75,75,50,25,75,50,100,25,75,75,75,0,0,40,,80,80,40,75,100,100,100,100,100,100,100,20,20,,100,100,80,100,75,100,100,80,75,75,100,100,80,75,75,100,75,75,0,100,0,0,0,0,0,0,0,0,0,0,75,75,0,0,0,100,100,50,75,75,0,0,0,0,0,75,50,75,75,75,0,75,75,75,50,50,75,25,75,50,75,75,75,75,75,75,75,75,50,100,75,100,100,50,100,75,75,50,25,75,100,100,100,100,75,75,75,75,75,100
Liverpool Heart and Chest Hospital NHS Foundation Trust,RBQ,100,75,100,100,100,100,100,100,100,100,100,100,75,100,100,100,50,100,100,100,100,75,100,100,74,100,100,100,75,100,100,100,100,50,100,100,100,100,100,100,75,100,50,25,50,50,50,0,0,80,,100,100,100,100,100,100,100,80,60,20,,20,20,100,100,100,100,100,100,100,100,40,100,75,100,100,100,100,100,75,100,75,100,100,0,100,100,100,75,50,100,100,100,0,75,75,100,50,100,,,75,75,100,50,50,75,75,75,100,75,50,75,75,75,75,75,100,100,75,100,100,75,50,25,75,75,75,100,75,75,100,75,71,50,50,75,75,75,100,100,75,0,75,100,100,100,100,100,100,100,100,75,100
Liverpool Womens NHS Foundation Trust,REP,100,100,100,100,100,100,100,100,100,100,100,100,75,100,100,100,100,100,100,100,100,100,100,100,66,100,100,100,75,100,60,60,80,100,100,100,100,75,75,100,75,75,50,25,100,25,25,75,50,100,100,60,100,60,75,100,100,100,20,100,100,,100,60,20,20,100,100,100,100,100,50,0,100,100,100,100,100,50,50,25,100,100,100,100,60,100,100,100,50,100,25,100,50,0,25,100,50,50,50,,100,25,75,50,0,50,0,75,75,25,75,50,50,100,0,50,50,75,75,50,100,50,75,50,100,75,75,75,75,75,100,100,,100,50,75,100,100,25,100,100,100,100,100,100,100,100,100,100,100,100,100,75,80
London North West Healthcare NHS Trust,R1K,100,75,75,75,75,100,75,75,50,75,75,50,50,75,75,50,75,75,75,100,75,75,75,75,74,75,75,75,50,75,,,,,,,,,,,,,,,,,,,,,,60,40,100,100,75,50,75,80,80,80,80,20,20,,,,,,,,,,,,,,,,,,,,,,,,,,,,,,,,,,,,,,,,,,,,,,,,,,,,,,,,,,,,100,25,75,100,75,75,75,75,100,50,100,100,25,50,50,75,50,75,75,50,25,25,75,75,25,75,75,75,75,75,25,100
Luton and Dunstable University Hospital NHS Foundation Trust,RC9,100,100,100,100,100,100,100,100,100,100,100,100,100,75,100,100,100,100,100,100,100,100,100,100,74,100,100,75,75,75,100,100,100,50,50,50,100,75,100,100,75,100,25,50,25,50,0,25,0,60,,20,20,60,100,100,100,100,100,100,80,100,80,60,100,100,100,100,100,100,100,100,60,100,75,100,100,100,75,100,75,75,75,100,100,60,100,100,100,100,100,100,100,100,100,100,100,100,100,100,100,100,50,75,75,25,100,50,50,75,75,75,50,50,50,25,50,75,100,100,50,100,50,75,50,75,75,75,75,75,75,75,100,100,100,0,25,50,25,25,100,75,100,100,75,100,100,100,100,100,100,100,100,75,100
Maidstone and Tunbridge Wells NHS Trust,RWF,75,50,75,75,100,100,100,100,75,75,75,75,50,50,75,75,100,75,75,100,100,50,75,75,74,75,75,75,50,75,20,80,20,50,50,50,75,75,25,75,75,25,25,25,25,75,25,75,0,40,,0,0,80,75,75,75,100,60,80,20,60,60,40,60,80,60,20,100,100,100,75,60,75,75,100,100,100,75,75,75,50,75,0,100,20,25,0,25,25,25,0,25,0,0,25,25,0,25,25,80,40,0,75,100,75,25,25,50,25,25,25,25,75,100,0,25,25,25,0,25,75,75,100,50,25,100,25,100,75,25,50,25,0,85,0,0,75,25,50,75,100,100,25,25,75,75,75,75,75,75,75,50,25,100
Medway NHS Foundation Trust,RPA,75,75,100,100,100,75,100,100,100,100,100,75,75,100,100,100,100,75,100,100,100,100,100,100,66,100,100,75,75,75,20,80,80,50,100,100,100,100,100,100,100,75,75,25,25,0,0,0,0,40,,80,80,80,100,100,100,100,100,80,100,20,0,60,80,80,80,80,100,100,100,100,100,100,100,100,100,100,100,100,100,100,25,0,0,0,,,50,0,0,,0,0,0,50,100,0,0,0,80,0,75,75,75,75,50,50,75,75,100,100,75,0,75,25,50,75,100,100,0,75,75,75,50,75,75,50,50,75,75,50,50,25,85,25,75,100,75,25,100,100,75,0,50,100,100,100,100,75,100,100,100,100,80
Mid Cheshire Hospitals NHS Foundation Trust,RBT,100,50,100,75,100,100,100,100,100,100,75,50,25,75,75,75,75,50,100,100,100,100,75,50,80,75,75,50,75,75,40,0,20,50,,50,75,25,25,25,25,0,50,50,50,75,75,0,0,80,80,60,20,40,0,75,75,25,100,100,100,100,100,,40,80,40,60,75,100,75,50,20,75,100,100,100,60,75,75,25,75,100,20,100,20,0,25,50,0,0,0,25,0,0,0,50,0,0,0,100,,0,25,0,0,0,0,0,0,100,100,25,25,75,0,0,0,75,50,0,0,0,75,50,50,25,100,75,75,,50,50,75,100,0,50,75,100,0,100,100,75,100,25,100,100,100,75,75,25,0,75,50,80
Mid Essex Hospital Services NHS Trust,RQ8,75,75,100,100,100,100,100,75,100,75,100,100,100,100,100,75,100,50,100,100,100,75,100,100,69,100,100,100,100,75,40,100,20,50,100,50,100,100,100,100,75,75,50,50,25,25,25,0,0,60,,60,80,40,75,100,100,100,100,100,100,100,100,20,60,100,100,80,100,100,50,100,100,100,100,100,100,80,100,100,75,100,50,20,100,20,25,,,,50,100,,,,,,,,,100,100,75,75,100,25,50,75,0,0,100,100,75,,,,,,,,,,,100,100,75,100,100,100,100,100,75,100,75,100,0,75,100,100,75,100,100,75,25,75,100,100,75,75,75,75,75,50,75,100
Mid Yorkshire Hospitals NHS Trust,RXF,25,,75,75,75,25,25,25,25,50,75,25,50,50,50,25,50,25,25,75,50,25,75,50,87,75,75,50,75,50,100,100,40,50,100,50,75,75,50,50,25,50,50,25,75,25,0,0,0,40,,60,40,40,75,75,75,75,20,80,0,0,40,20,80,100,100,80,75,75,100,25,0,75,75,100,100,60,50,75,25,75,50,0,80,0,0,25,0,0,0,0,0,0,0,0,75,0,0,0,100,,0,0,75,25,,,0,0,75,50,,25,0,25,0,,50,0,75,75,50,,,75,50,75,100,100,,75,50,,100,,25,75,75,0,75,75,75,75,75,75,100,75,50,25,75,25,50,25,100
Milton Keynes University Hospital NHS Foundation Trust,RD8,100,75,75,75,75,100,100,100,100,75,75,50,50,75,75,75,100,100,100,100,100,75,50,100,82,100,100,75,75,75,60,60,60,50,50,50,100,25,75,50,50,50,50,25,75,25,75,50,50,40,,80,80,60,75,100,100,50,80,100,0,100,60,20,40,100,100,20,75,50,25,75,0,50,75,100,100,60,75,25,0,75,0,20,100,0,,,0,75,75,0,0,0,0,0,50,0,0,0,100,100,25,25,0,0,0,0,0,0,0,25,0,25,75,25,50,75,25,25,75,75,0,0,0,75,100,100,100,0,0,100,100,25,100,25,0,25,50,0,100,100,25,0,25,75,75,0,100,100,100,100,75,50,100
Moorfields Eye Hospital NHS Foundation Trust,RP6,100,75,100,50,75,75,100,100,100,75,100,100,50,75,50,75,100,50,75,100,100,75,25,75,68,100,100,50,50,50,20,60,0,50,100,,75,75,50,75,50,50,50,0,0,0,0,0,0,0,,100,100,100,100,25,75,100,100,100,100,100,100,0,40,40,40,0,100,100,100,0,0,0,0,80,40,20,75,100,0,50,75,0,0,0,,,25,0,0,,,,0,0,0,0,0,0,,,0,25,0,75,0,0,0,25,,100,25,25,50,0,0,0,0,0,0,75,0,75,0,100,100,75,75,75,50,100,100,,100,75,0,50,,25,50,50,25,50,25,50,100,100,100,100,75,75,75,75,
Newcastle Upon Tyne Hospitals NHS Foundation Trust,RTD,100,75,100,100,100,100,100,100,100,100,75,75,50,100,100,100,100,100,100,100,100,75,100,100,85,100,100,100,100,100,80,40,20,100,100,100,100,75,100,50,75,75,50,0,75,0,0,0,0,80,100,80,20,80,75,100,100,75,80,80,20,100,100,,20,80,80,20,100,100,100,100,0,75,100,100,100,80,75,100,100,100,100,100,100,0,100,100,100,75,100,75,100,100,0,100,100,100,0,100,100,100,75,75,50,0,50,50,25,25,,25,75,100,100,25,25,75,50,25,75,75,25,0,0,0,50,75,25,25,0,50,0,0,100,50,100,75,75,50,100,100,75,75,75,100,100,100,100,100,100,100,75,50,40
Norfolk and Norwich University Hospitals NHS Foundation Trust,RM1,75,25,75,50,50,75,75,75,75,100,100,75,25,,,,,,50,100,75,25,25,50,74,75,75,75,75,50,20,20,20,100,100,100,25,25,0,0,0,0,0,0,25,0,0,0,0,20,20,60,0,40,25,75,25,25,20,20,20,0,60,0,80,100,100,80,0,50,100,50,80,50,50,100,100,80,75,100,0,0,25,100,100,0,,,50,75,50,0,100,75,0,0,50,0,0,50,100,0,0,50,0,0,0,0,0,0,50,25,0,0,75,0,0,0,50,25,0,75,50,50,,75,75,75,50,25,25,50,50,0,100,0,25,0,75,25,25,100,25,25,0,100,100,100,50,75,75,75,50,25,60
North Bristol NHS Trust,RVJ,75,75,75,75,100,75,75,75,100,75,100,50,75,75,75,100,100,100,100,100,75,75,50,75,67,100,75,75,75,100,,,,,,,,,,,,,75,75,50,50,50,50,0,100,,20,20,0,25,75,75,100,60,0,0,0,60,,20,100,100,100,75,25,100,75,100,75,100,100,100,100,75,75,75,100,0,20,100,100,0,0,0,0,0,0,0,0,0,0,0,0,0,0,0,0,0,75,0,0,50,0,75,75,100,100,50,0,75,0,0,0,100,75,50,100,0,25,25,75,100,100,50,50,75,75,75,50,100,75,,,,,75,75,75,100,50,75,100,50,50,50,75,75,50,75,100
North Cumbria University Hospitals NHS Trust,RNL,75,50,50,50,100,100,100,100,100,25,75,25,25,50,50,25,75,0,75,75,75,75,75,75,85,75,75,75,100,75,40,20,40,50,50,100,75,25,50,25,25,25,75,0,25,25,50,0,0,20,20,0,,40,25,75,75,25,0,0,0,0,0,0,20,80,60,0,100,100,50,0,0,0,25,,,,25,25,0,75,75,20,0,0,0,0,0,0,0,0,0,0,0,0,0,0,0,0,100,,0,0,,,0,50,0,0,50,75,0,25,75,0,0,50,,,,75,0,50,50,50,25,50,50,75,75,100,100,25,85,0,0,50,50,0,75,0,25,25,25,75,100,100,100,100,25,50,50,50,80
North Middlesex University Hospital NHS Trust,RAP,75,75,75,75,100,75,100,100,100,75,75,25,25,25,25,25,25,75,50,25,50,25,25,25,74,75,75,75,50,75,20,20,20,50,50,50,75,75,50,25,0,75,0,0,0,0,25,25,0,20,,60,40,60,75,75,75,25,80,60,40,60,0,20,20,80,100,0,75,75,75,25,100,75,25,100,100,80,25,75,25,75,0,0,0,0,,,0,0,0,,0,0,0,0,0,0,0,0,80,0,25,25,0,0,25,0,0,25,50,75,0,0,0,0,0,0,100,75,0,25,0,0,25,0,25,25,25,50,0,50,25,25,85,0,0,75,75,50,75,100,25,0,25,75,50,25,75,100,25,75,25,0,
North Tees and Hartlepool NHS Foundation Trust,RVW,75,50,100,100,100,100,100,100,100,100,100,100,75,100,100,100,100,100,100,100,100,100,100,100,80,100,100,100,100,100,60,60,60,100,100,100,100,100,100,75,75,25,100,25,100,0,25,0,0,80,100,100,100,100,100,100,100,100,100,100,20,100,20,0,20,100,100,100,100,100,100,0,100,100,100,100,100,100,100,100,100,100,75,80,100,100,50,100,100,100,75,75,50,50,25,75,25,100,,100,100,,100,100,75,100,75,100,100,100,100,100,100,100,100,100,100,100,100,100,100,100,,100,100,100,100,100,100,100,100,100,100,100,100,75,100,100,75,100,100,100,100,100,75,100,100,100,100,100,100,100,100,100,100
North West Anglia NHS Foundation Trust,RGN,75,50,75,75,100,100,100,100,100,100,100,75,75,100,50,75,50,100,100,75,75,50,100,75,69,100,100,75,75,75,60,80,0,50,50,,75,50,25,75,25,75,25,25,25,25,25,25,25,20,,100,20,40,75,75,75,25,40,80,100,80,60,0,60,80,80,80,75,50,75,50,40,25,75,100,100,100,50,75,25,75,25,0,80,20,,,0,25,25,50,0,0,0,0,100,0,,,100,100,25,100,100,25,75,25,25,25,50,100,50,25,25,0,0,75,100,75,25,50,50,25,,100,100,75,50,75,75,100,75,0,100,0,50,75,75,0,75,50,50,25,50,100,100,75,75,75,75,75,75,75,60
Northampton General Hospital NHS Trust,RNS,75,75,75,100,100,75,75,75,,75,75,75,25,75,75,50,75,75,75,75,75,50,75,50,82,75,75,75,75,75,60,100,20,50,100,0,75,75,75,50,75,25,50,0,100,25,0,0,0,100,,60,100,40,100,100,100,100,100,100,100,0,100,40,100,100,100,100,100,75,100,0,100,100,100,100,100,100,75,75,50,100,50,40,100,0,25,25,75,75,75,50,75,100,,75,100,25,,75,100,60,25,50,100,50,75,25,25,25,75,50,75,75,75,25,0,0,75,25,25,75,75,25,25,25,75,25,75,75,75,75,75,25,85,25,25,75,50,75,100,25,100,75,75,100,100,100,75,75,100,50,75,25,100
Northern Devon Healthcare NHS Trust,RBZ,100,100,100,75,100,100,100,100,75,100,100,100,75,100,100,100,100,100,100,100,100,75,100,100,81,100,100,75,75,75,40,40,60,50,50,100,75,75,75,75,100,75,50,75,75,75,0,0,0,100,100,60,60,40,100,100,100,75,100,100,0,100,20,,60,60,0,0,100,100,100,100,0,75,0,100,100,,75,50,25,100,25,0,100,0,,,25,25,75,100,25,0,0,25,0,0,,,100,,75,75,50,100,25,25,25,25,100,75,50,75,75,25,50,50,100,100,25,75,25,100,100,25,100,75,75,75,25,100,50,25,100,0,0,100,100,100,100,100,100,50,75,100,100,100,100,50,100,50,75,75,80
Northern Lincolnshire and Goole NHS Foundation Trust,RJL,75,50,75,50,75,75,75,25,75,75,50,25,25,25,50,25,25,50,50,50,50,25,50,25,66,75,50,50,75,25,60,100,40,50,100,50,75,75,75,50,75,50,50,25,75,75,25,25,50,80,60,40,40,80,75,75,75,50,80,80,0,100,20,40,40,80,100,60,100,75,100,100,100,50,100,100,100,80,75,100,50,100,50,0,0,0,,,0,0,0,,0,0,0,50,0,0,0,0,100,0,50,100,100,25,25,75,50,50,100,50,50,25,50,25,25,25,100,75,50,100,25,75,75,50,50,25,75,50,75,75,50,50,100,25,25,0,25,25,75,50,75,25,50,75,100,25,50,25,75,75,75,25,80
Northumbria Healthcare NHS Foundation Trust,RTF,75,75,75,100,100,75,100,100,75,75,75,75,25,50,75,25,75,100,50,75,75,100,75,75,94,75,100,100,75,75,40,40,20,50,100,100,75,50,50,25,25,25,50,25,50,50,25,0,0,20,100,0,0,60,0,25,25,25,20,80,20,0,40,0,20,100,100,20,75,0,75,50,20,0,75,100,100,20,75,50,25,50,50,40,100,20,25,25,25,75,75,75,25,0,0,25,0,25,0,25,100,,0,50,75,25,75,25,50,25,50,25,25,25,100,0,25,75,50,0,50,75,0,100,100,75,25,75,75,50,50,100,75,25,100,50,0,75,75,0,100,25,75,25,25,100,100,100,100,100,25,50,0,25,80
Nottingham University Hospitals NHS Trust,RX1,100,100,100,100,100,100,100,100,100,100,100,100,75,100,75,75,100,100,100,100,100,75,100,100,81,100,100,50,100,50,60,100,60,50,100,50,100,75,50,75,50,100,75,25,75,50,50,75,0,80,,80,80,100,100,100,100,100,100,100,100,100,80,20,80,80,80,100,100,100,100,100,,75,75,100,100,100,100,100,25,75,50,20,100,20,25,25,50,25,25,75,0,0,50,25,50,0,0,0,100,100,25,75,100,0,0,75,0,75,100,100,100,50,100,50,25,100,100,100,50,100,0,75,75,75,100,100,75,75,100,100,75,25,100,25,,75,75,100,100,50,100,75,50,100,100,100,100,100,100,100,75,75,100
Oxford University Hospitals NHS Foundation Trust,RTH,100,75,75,75,100,100,100,100,100,75,75,100,75,100,75,75,100,100,75,75,75,75,75,75,99,75,75,75,100,75,40,100,40,50,100,100,100,100,75,75,75,75,75,0,75,25,75,50,0,40,,100,100,80,75,100,100,100,100,100,100,100,100,40,40,100,100,40,100,100,100,75,80,100,100,100,100,80,100,100,100,75,100,100,100,60,100,100,100,100,100,100,100,100,100,100,100,100,75,75,100,100,75,100,100,50,75,75,75,75,75,75,50,75,75,50,25,75,75,50,75,100,75,75,50,50,75,75,75,75,75,75,75,75,100,100,100,100,75,100,100,100,75,100,75,100,100,100,75,75,75,75,75,75,100
Papworth Hospital NHS Foundation Trust,RGM,75,75,100,100,100,100,100,100,100,75,100,75,50,100,100,75,75,50,100,100,75,100,75,100,74,75,75,75,25,75,40,80,40,50,50,50,75,50,0,25,0,25,25,0,25,0,0,0,0,20,,80,60,60,0,0,0,0,0,100,0,,0,100,80,100,100,20,100,75,100,100,100,75,75,100,100,100,75,50,50,75,100,100,100,100,100,100,100,100,25,100,100,100,100,100,100,100,0,0,,,0,25,100,0,0,25,25,25,0,0,25,25,75,0,25,75,100,100,50,100,75,0,0,75,75,100,25,50,25,75,50,50,100,75,75,75,0,25,100,75,100,50,50,75,100,75,75,75,75,50,50,50,100
Pennine Acute Hospitals NHS Trust,RW6,25,,50,100,100,100,100,75,100,100,100,50,0,100,100,75,100,100,75,75,100,25,75,100,68,75,100,75,75,75,100,20,100,50,0,50,100,100,50,100,75,75,25,25,75,75,0,0,0,80,100,100,100,100,100,100,100,100,100,100,100,100,100,20,80,100,100,100,100,100,100,0,100,100,100,100,100,100,100,100,100,100,100,100,100,0,100,75,100,100,100,50,75,100,0,25,100,100,75,75,0,0,0,75,50,75,100,75,50,50,100,75,50,50,50,0,0,100,100,75,75,75,50,75,50,75,25,50,25,100,75,100,100,,100,0,100,75,,0,100,100,75,75,0,25,100,100,100,100,100,25,0,100,100
Plymouth Hospitals NHS Trust,RK9,100,100,100,100,100,100,100,100,100,100,100,100,100,100,100,100,100,100,100,100,100,100,100,100,75,100,100,100,100,100,20,20,20,50,50,50,75,75,75,75,75,75,50,0,50,0,25,25,25,20,20,20,20,20,75,75,75,75,80,80,20,20,80,20,80,100,100,20,75,75,75,75,100,75,75,100,100,20,50,100,25,50,0,,80,,,,,,,,,,,,,,,,100,100,75,50,0,50,,,,,50,50,50,50,75,25,25,100,100,75,50,100,75,100,75,100,100,100,100,100,100,100,100,75,100,25,100,75,100,100,100,100,100,100,100,100,100,100,100,100,100,100,100,75,100
Poole Hospital NHS Foundation Trust,RD3,75,75,75,100,100,75,100,100,100,75,100,50,25,75,75,50,75,25,75,75,75,75,75,100,84,100,100,75,75,75,100,100,100,50,100,50,100,75,75,75,50,100,50,50,75,75,0,0,0,60,,20,20,60,50,75,75,75,60,80,100,100,20,20,20,100,100,40,100,50,25,25,20,0,0,100,100,80,75,75,25,100,0,20,20,20,25,25,25,25,25,0,25,25,25,25,75,0,0,25,100,100,75,75,75,25,25,25,25,25,75,75,75,25,50,25,25,25,0,0,0,75,25,75,75,75,75,75,75,75,25,100,75,100,100,0,0,75,75,0,100,0,75,25,50,75,100,100,75,75,100,75,75,0,40
Portsmouth Hospitals NHS Trust,RHU,75,75,75,75,100,75,100,100,100,75,75,25,25,50,75,25,75,0,100,100,100,75,75,75,68,75,100,75,75,75,20,100,40,50,100,50,75,50,0,25,25,50,25,25,25,25,25,25,0,20,,40,20,20,75,100,75,25,80,100,20,0,20,20,20,80,20,20,50,75,50,25,20,25,25,100,100,100,75,25,25,50,25,20,0,0,,,0,0,0,75,0,0,0,0,0,0,0,0,20,20,25,25,75,0,0,0,0,0,75,25,25,0,25,25,0,100,75,25,0,50,0,75,50,75,25,50,50,75,0,50,50,0,85,25,25,100,0,0,25,100,25,50,75,75,100,100,100,25,75,75,75,75,20
Princess Alexandra Hospital NHS Trust,RQW,75,75,100,100,100,100,100,100,75,75,75,75,25,75,75,100,75,100,100,75,75,25,75,75,68,75,100,75,75,100,20,60,,50,100,,75,75,25,50,25,25,75,25,25,25,75,0,0,20,,100,20,,75,75,100,100,80,100,100,100,80,80,80,80,80,20,75,100,100,25,100,100,75,100,100,100,100,100,50,100,75,20,100,20,0,0,25,75,100,50,100,0,25,0,0,25,0,0,20,0,0,75,100,0,75,75,50,50,75,75,50,25,75,0,0,100,50,0,0,100,0,75,75,100,100,100,100,100,50,100,100,100,85,50,75,75,75,25,100,0,100,100,75,100,100,100,75,75,75,75,75,50,100
Queen Elizabeth Hospital Kings Lynn NHS Foundation Trust,RCX,75,25,75,50,50,25,100,0,,75,75,25,50,50,25,25,25,25,50,75,75,25,50,25,80,75,100,25,75,25,20,20,20,0,0,0,50,25,25,25,50,25,50,0,25,25,50,0,25,20,20,0,0,0,75,75,50,50,0,100,0,0,0,0,20,0,60,0,,,,,100,,25,100,100,20,25,0,0,0,75,20,100,0,25,25,25,0,0,0,25,0,0,0,0,0,0,0,20,0,0,0,0,25,,25,0,0,0,0,0,0,50,0,0,,0,0,0,75,25,100,75,50,25,75,75,100,100,50,25,0,57,25,0,25,0,25,100,100,50,0,25,50,75,50,75,50,75,50,50,50,100
Queen Victoria Hospital NHS Foundation Trust,RPC,100,75,75,75,75,75,100,50,100,75,75,25,0,75,75,75,100,100,75,75,75,25,25,75,77,100,100,75,75,75,40,0,0,50,,,50,50,50,50,25,25,50,25,25,0,0,0,0,40,,0,60,40,100,75,75,25,100,100,0,,100,0,0,20,0,0,0,25,25,25,100,0,25,80,100,,0,0,0,25,0,0,100,0,0,0,0,0,0,0,0,0,0,0,0,0,0,0,0,,0,0,0,0,0,0,0,0,0,0,0,75,75,0,0,25,75,25,0,75,25,100,50,25,25,75,75,75,75,75,75,0,100,0,0,75,0,0,100,100,75,25,25,75,25,0,75,0,100,100,50,50,80
Robert Jones and Agnes Hunt Orthopaedic Hospital NHS Foundation Trust,RL1,75,50,75,75,75,75,75,50,75,75,75,50,50,75,75,50,75,75,75,75,75,50,75,50,89,75,100,75,75,75,80,60,20,50,50,50,75,75,50,50,25,50,25,25,25,0,0,0,0,60,,0,0,40,75,75,75,50,0,60,0,,20,0,0,0,20,20,,,,,100,,0,100,100,100,100,75,0,75,0,0,100,0,25,0,0,0,0,25,0,0,0,50,25,0,0,0,,,25,25,75,0,,0,25,50,50,50,25,25,100,,,,25,25,0,75,25,75,75,50,50,50,75,25,25,75,50,,100,0,25,75,50,25,100,100,75,50,25,100,75,50,75,75,100,75,50,75,100
Rotherham NHS Foundation Trust,RFR,100,50,75,75,100,100,100,100,100,75,75,50,50,75,100,50,100,100,100,100,100,25,75,100,62,100,100,75,50,100,60,20,60,50,100,50,100,75,50,50,50,50,75,25,75,75,75,50,0,80,100,100,100,60,100,75,100,100,100,100,0,100,40,20,60,100,100,100,100,100,75,25,0,100,75,100,100,60,100,75,75,100,75,0,0,20,,,0,75,,75,0,0,0,75,25,0,100,100,100,,100,100,0,100,50,50,50,25,100,100,25,50,25,50,25,75,75,75,0,100,0,100,100,75,75,75,100,50,50,75,75,50,100,75,25,100,,25,75,100,75,100,25,100,100,100,75,50,75,100,50,100,100
Royal Berkshire NHS Foundation Trust,RHW,100,100,75,75,100,100,100,100,100,75,75,100,75,100,75,75,75,100,100,100,75,75,75,75,80,75,50,75,50,75,60,80,20,50,50,50,50,50,75,75,50,50,50,25,75,25,50,50,0,40,,80,80,40,75,25,75,50,40,100,100,100,60,60,80,100,100,40,100,100,100,50,80,75,75,100,100,60,100,100,100,75,25,20,0,0,,,0,0,25,25,0,0,0,25,50,0,25,50,100,100,50,75,25,0,50,25,25,50,75,75,50,25,25,25,50,50,75,75,25,75,25,75,50,50,75,50,25,50,50,75,50,75,85,50,50,50,50,75,100,100,25,0,50,75,75,75,75,75,75,75,75,75,100
Royal Bournemouth and Christchurch Hospitals NHS Foundation Trust,RDZ,75,75,75,100,100,100,100,100,100,75,100,75,50,75,75,50,75,75,75,75,75,75,75,75,74,75,75,25,75,0,100,100,100,50,100,50,75,25,0,50,50,100,25,25,50,50,0,0,0,60,,20,20,80,50,75,75,75,60,80,20,0,20,20,20,0,0,0,,,,,20,,25,100,100,80,75,50,25,75,0,20,20,20,0,0,0,0,0,0,0,0,25,0,75,0,0,0,100,100,50,100,75,50,25,25,0,0,25,0,50,25,75,50,25,25,50,25,50,75,50,75,75,100,100,75,100,100,100,100,75,75,100,0,25,75,100,0,100,100,75,0,25,75,100,75,100,75,50,75,75,25,40
Royal Brompton and Harefield NHS Foundation Trust,RT3,100,75,100,100,100,100,100,100,100,100,100,100,100,75,100,75,75,75,100,100,75,75,100,75,78,100,100,75,100,75,100,80,80,50,50,50,100,100,75,25,25,100,75,0,75,0,0,0,25,80,,,80,100,100,100,25,75,20,20,20,,20,,0,100,80,20,100,100,100,100,100,75,75,100,100,100,100,50,50,100,100,100,100,0,,,100,75,75,100,100,25,25,50,100,75,,100,,,0,0,0,0,25,25,0,0,100,0,0,100,100,100,25,0,100,75,75,100,100,100,75,75,75,100,75,100,100,100,100,,100,0,25,25,25,0,100,100,100,100,100,100,100,100,100,25,75,100,75,100,100
Royal Cornwall Hospitals NHS Trust,REF,100,100,100,100,100,100,100,75,100,100,100,100,75,75,75,100,100,100,100,100,100,75,100,75,73,75,75,100,100,50,60,100,60,100,100,50,100,100,50,100,50,100,75,25,75,25,50,50,0,80,,100,100,100,100,75,100,100,80,100,100,100,100,100,100,100,100,80,100,100,75,100,80,75,100,100,100,100,100,100,75,100,100,100,100,100,100,75,100,100,100,75,100,100,50,100,100,75,50,100,100,100,75,100,100,75,50,50,0,75,100,100,50,75,75,75,75,50,100,100,0,100,50,100,75,100,100,100,100,75,100,100,100,75,100,25,75,75,75,100,100,100,100,100,100,100,100,100,100,75,100,100,100,100,100
Royal Devon and Exeter NHS Foundation Trust,RH8,100,100,75,25,75,100,100,100,100,100,75,100,0,75,75,75,75,75,75,100,100,75,75,75,74,100,100,75,75,75,20,40,20,0,50,0,75,0,0,0,0,0,25,25,25,25,0,0,0,20,20,20,0,20,75,0,100,25,0,100,100,0,100,0,20,60,80,20,75,25,75,25,0,0,75,100,100,20,25,25,0,75,25,0,0,0,0,25,0,0,25,75,0,0,0,0,75,0,0,0,100,,0,25,25,25,0,0,0,100,100,75,0,0,75,0,0,0,100,100,75,75,25,75,75,25,100,75,25,0,25,100,75,,100,0,0,75,100,25,75,50,75,0,25,100,100,100,100,100,100,75,75,75,40
Royal Free London NHS Foundation Trust,RAL,50,,100,75,100,50,100,100,100,100,75,50,50,100,75,75,75,75,75,75,100,75,75,75,69,75,50,75,50,100,80,20,20,50,100,100,100,75,75,50,25,75,25,25,25,0,0,0,0,80,,80,60,20,75,75,25,25,100,100,100,20,20,0,40,100,100,100,100,75,75,50,0,75,100,100,100,80,75,100,75,75,25,20,100,20,0,25,25,25,25,25,25,100,50,50,100,25,25,0,100,100,0,50,0,75,25,25,25,25,0,0,25,25,75,0,0,,75,25,0,75,0,,,0,0,50,100,50,50,75,75,0,100,50,75,75,50,75,50,75,25,50,25,75,100,75,100,50,75,50,50,25,100
Royal Liverpool and Broadgreen University Hospitals NHS Trust,RQ6,100,100,100,100,100,100,100,100,100,100,100,100,50,100,100,100,100,100,100,100,100,100,75,75,82,100,100,100,75,75,100,100,100,100,100,100,100,100,75,75,75,75,75,75,75,50,50,50,0,100,,80,100,100,100,100,100,100,100,100,100,100,100,60,100,100,100,100,100,100,100,50,80,100,100,100,100,100,100,100,100,100,100,100,100,100,100,100,100,100,100,75,100,100,75,100,100,100,75,75,,,75,75,100,75,50,75,100,100,,,,50,50,50,50,50,100,100,75,100,75,75,50,100,100,100,75,100,75,100,75,50,100,50,50,75,75,75,100,100,100,100,75,100,100,100,75,100,100,75,75,50,100
Royal Marsden NHS Foundation Trust,RPY,100,75,100,75,100,100,100,100,100,100,100,100,25,25,100,100,25,75,100,100,100,100,75,100,89,100,100,75,100,100,60,60,60,50,50,50,75,75,75,0,25,25,0,0,25,25,0,0,0,40,100,20,20,20,75,75,100,100,60,60,0,,60,0,0,0,0,0,,,,,100,,0,100,100,100,25,75,0,75,25,20,20,20,25,25,0,25,75,25,0,25,25,25,100,25,0,25,100,100,0,0,50,0,0,0,0,0,0,25,0,25,100,25,0,75,100,25,0,100,0,,,50,100,75,100,100,100,100,100,0,100,0,25,25,25,0,25,75,25,100,25,25,100,75,25,25,25,25,25,75,20
Royal National Orthopaedic Hospital NHS Trust,RAN,100,100,100,100,100,75,100,100,100,100,100,100,100,75,75,50,75,25,75,100,75,75,100,100,73,75,75,100,100,50,100,80,40,0,100,50,75,25,75,50,75,100,25,0,0,0,0,0,0,0,,20,20,100,0,0,75,75,0,0,0,,0,0,100,100,100,100,100,100,100,75,100,100,100,100,100,100,100,75,100,100,0,0,80,0,,,0,0,0,0,0,0,0,0,0,0,0,0,,,0,25,100,0,50,0,0,0,75,75,0,50,75,0,0,0,100,25,0,75,25,,,100,100,75,100,100,100,100,100,,100,0,75,25,25,0,100,100,100,100,75,100,100,100,100,100,100,100,75,100,100
Royal Orthopaedic Hospital NHS Foundation Trust,RRJ,75,75,75,75,75,50,75,100,75,75,75,50,75,50,75,50,75,75,75,25,50,25,50,50,78,75,25,50,75,75,20,20,0,0,0,,0,0,0,25,0,0,25,0,25,0,0,0,0,40,,0,0,0,75,75,75,25,,60,60,,40,0,0,0,0,0,,,,,0,,0,80,100,60,25,50,0,75,0,0,0,0,0,0,0,0,0,50,0,0,0,0,0,0,0,0,,,0,0,0,0,,0,0,0,0,75,50,0,0,0,25,50,0,25,75,100,25,50,75,50,75,50,75,75,50,75,50,,100,0,100,50,,0,75,75,25,25,50,100,100,100,75,50,75,75,75,50,100
Royal Surrey County Hospital NHS Foundation Trust,RA2,100,75,75,75,100,75,100,75,100,100,100,50,50,50,50,50,0,25,50,75,75,25,75,50,69,50,50,25,50,25,20,100,20,50,100,50,25,0,25,25,0,25,50,50,25,25,100,0,,20,,40,20,40,75,75,75,75,0,80,100,80,40,20,20,20,60,20,75,75,75,75,60,75,100,100,100,100,100,75,50,75,25,20,20,20,25,25,75,100,100,0,0,0,0,100,100,25,,0,100,100,50,50,75,25,0,50,25,50,50,25,25,0,50,0,0,0,25,25,25,100,100,,,100,0,75,50,25,75,75,0,0,100,25,100,75,50,,100,100,75,0,0,50,100,100,50,25,100,50,75,75,40
Royal United Hospitals Bath NHS Foundation Trust,RD1,100,75,100,100,100,100,100,100,100,100,100,100,75,100,100,100,100,100,100,100,100,100,100,100,89,100,100,75,75,75,60,20,40,100,100,100,75,75,75,75,75,50,75,75,50,50,75,50,0,100,,40,40,60,50,100,75,75,60,100,100,80,100,,60,100,100,40,100,100,100,100,60,,100,100,100,40,100,100,75,100,75,80,80,80,75,50,100,100,100,100,75,75,100,100,75,100,,100,100,100,75,75,25,50,50,50,75,75,100,75,25,25,0,100,50,50,100,75,,75,0,,,75,100,100,100,100,75,100,100,75,100,100,100,100,100,100,100,0,75,100,75,100,100,75,75,75,75,75,75,75,100
Royal Wolverhampton NHS Trust,RL4,100,100,100,100,100,100,100,100,75,100,100,100,100,100,100,75,75,100,100,100,100,100,100,100,79,100,100,100,100,100,100,100,100,100,100,100,100,75,100,75,75,75,100,50,100,50,100,100,25,100,100,100,100,,100,100,100,100,100,100,20,100,100,,100,100,100,100,100,100,100,75,100,75,50,100,100,100,100,100,75,100,100,20,80,0,,,25,25,75,75,25,25,0,75,50,0,0,25,40,,50,100,100,100,75,25,50,75,100,100,75,25,50,0,0,0,100,100,75,75,100,75,100,100,100,100,100,,,100,100,75,100,100,50,100,75,25,100,100,100,25,75,100,100,100,100,100,100,100,100,75,100
Salford Royal NHS Foundation Trust,RM3,100,100,100,100,100,100,100,100,100,100,100,100,75,100,100,100,100,100,100,100,100,100,100,100,91,100,100,100,100,100,100,100,100,100,100,100,75,100,100,100,100,100,100,100,100,100,100,75,75,100,100,100,100,100,100,100,100,100,100,100,100,100,100,20,100,100,100,100,100,100,100,100,100,100,100,100,100,100,100,100,50,100,100,100,100,40,75,75,100,25,100,100,100,100,0,100,100,100,,,60,,100,100,100,100,50,100,100,75,100,100,100,75,100,100,75,100,100,100,100,100,75,100,75,100,100,100,100,100,75,100,100,50,100,50,0,75,100,50,100,100,100,75,100,100,100,100,100,100,100,100,100,100,100
Salisbury NHS Foundation Trust,RNZ,25,,75,100,100,50,100,100,25,50,75,25,25,25,50,0,0,0,50,75,25,25,75,50,85,75,75,75,75,75,20,40,40,50,100,50,75,75,75,25,25,0,50,0,50,75,25,25,0,100,20,60,40,80,75,100,100,100,40,100,0,100,80,0,80,100,100,20,100,100,100,100,40,100,75,100,100,40,75,100,75,75,50,0,20,0,,,25,0,0,25,0,0,0,0,25,0,0,0,100,100,,,,,,,,,,,,25,75,0,0,0,75,50,0,75,25,,,,,,,,,,,,100,25,0,75,50,75,75,100,50,75,25,50,100,100,50,25,75,25,50,25,100
Sandwell and West Birmingham Hospitals NHS Trust,RXK,100,100,75,75,100,100,100,100,100,75,75,50,25,75,50,50,75,100,75,50,75,25,100,75,74,100,100,75,100,75,60,80,20,0,100,50,75,75,50,50,50,100,50,25,50,25,25,25,25,20,100,60,20,20,75,100,100,75,100,60,0,0,20,0,20,100,100,20,75,50,100,100,0,50,50,100,100,60,50,75,25,75,25,0,0,0,,,0,0,0,,,,,,,,,,0,0,0,75,50,0,0,25,0,25,100,25,75,50,100,0,0,0,100,75,75,50,25,0,0,25,75,75,75,100,50,100,100,100,100,0,100,25,50,50,75,75,75,50,50,75,100,100,50,50,50,100,50,100,100
Sheffield Childrens NHS Foundation Trust,RCU,75,75,100,75,75,75,100,100,100,75,100,75,75,75,75,75,100,75,75,75,100,75,75,75,67,100,75,75,75,75,80,20,40,100,50,50,75,50,75,25,50,75,0,0,0,0,0,0,0,20,,0,0,20,25,25,0,25,20,60,20,100,20,0,40,0,0,0,,,,,0,,0,100,100,60,75,50,75,75,25,0,0,0,0,75,50,75,100,,0,0,0,0,25,0,,,,100,0,25,25,0,,0,25,25,0,,,25,25,0,0,25,25,25,0,75,0,,,,,,,,,,,,100,75,25,75,75,25,50,50,75,25,25,75,75,50,75,50,75,50,75,50,20
Sheffield Teaching Hospitals NHS Foundation Trust,RHQ,100,100,100,75,100,100,100,100,75,100,100,75,75,75,75,100,75,75,75,75,100,50,75,75,70,100,100,50,50,50,60,60,80,100,100,100,75,75,75,75,50,50,50,0,25,25,50,0,25,60,100,60,20,40,100,100,100,50,100,100,40,100,80,20,40,100,100,40,100,75,75,100,20,75,100,100,100,60,100,100,50,100,50,60,100,20,50,25,100,100,0,0,50,50,0,25,50,0,0,0,100,100,75,75,0,0,0,25,25,25,75,50,50,50,75,25,25,50,100,100,25,75,25,100,75,75,50,50,75,75,75,75,100,25,100,50,75,100,50,25,75,75,75,100,50,75,75,100,75,25,75,75,50,75,100
Sherwood Forest Hospitals NHS Foundation Trust,RK5,100,100,100,75,100,100,100,75,25,100,75,75,50,75,50,75,100,100,100,100,75,75,75,75,84,100,100,75,100,75,40,80,0,50,50,,25,25,75,25,75,75,50,50,75,50,25,50,0,60,,100,20,20,75,75,75,100,100,100,100,100,20,20,100,100,100,40,100,75,100,75,100,50,100,100,100,100,75,100,100,75,0,0,100,0,0,0,0,0,0,0,0,0,0,0,0,0,0,0,100,100,25,75,75,50,0,75,50,75,50,100,50,25,75,50,0,100,100,75,50,100,25,75,75,75,100,100,75,75,50,75,75,25,100,25,,75,100,75,100,50,75,50,50,100,100,100,100,100,75,100,75,75,100
Shrewsbury and Telford Hospital NHS Trust,RXW,50,,75,75,75,50,100,75,75,75,50,50,25,75,50,25,75,50,75,75,25,25,75,75,82,75,75,75,50,50,20,80,20,,100,,75,75,50,50,50,25,25,25,50,50,0,25,0,40,,0,0,40,50,25,50,75,60,80,60,100,80,0,40,100,40,0,100,75,100,50,0,25,50,100,100,0,75,75,0,75,25,0,0,0,,,0,0,0,,,,,,,,,,0,0,25,25,75,0,25,25,0,0,75,25,0,0,75,0,25,25,100,50,25,75,0,75,50,100,75,50,75,75,75,75,50,50,100,50,50,50,0,0,75,75,50,25,50,75,100,100,50,50,50,50,75,100,80
South Tees Hospitals NHS Foundation Trust,RTR,100,100,100,100,100,75,100,100,100,100,75,75,50,100,75,75,100,75,100,100,100,75,75,75,66,75,75,75,75,75,40,100,40,50,100,50,75,75,75,75,25,75,75,25,75,25,50,50,0,,100,80,100,40,100,100,75,25,0,100,0,100,100,,100,100,100,100,100,100,100,100,100,100,100,100,100,100,75,100,100,75,25,20,100,20,25,0,0,0,0,25,25,25,0,25,50,0,0,0,100,100,0,75,100,0,25,25,25,75,75,75,50,25,75,25,25,25,100,100,0,100,25,75,75,75,75,100,75,100,100,100,100,75,100,50,100,75,75,0,75,25,75,75,75,75,100,100,75,50,100,100,75,75,100
South Tyneside NHS Foundation Trust,RE9,100,100,100,75,100,100,100,100,75,100,75,50,50,100,50,50,100,75,100,100,75,25,75,50,79,100,75,75,75,100,60,40,40,50,50,50,75,75,50,50,50,25,75,0,50,25,0,0,0,80,60,80,80,60,75,75,75,25,20,80,0,0,0,0,40,100,100,40,100,100,100,100,0,100,100,100,100,40,75,75,50,50,50,0,0,0,,,25,25,25,,25,25,0,0,0,0,0,0,,,50,50,0,50,0,0,50,50,75,75,0,25,50,25,25,50,100,100,0,75,0,75,75,75,75,25,75,100,100,75,100,100,100,0,0,25,50,0,50,50,50,50,25,100,100,100,75,75,100,100,100,25,80
South Warwickshire NHS Foundation Trust,RJC,100,75,100,100,50,100,100,100,100,100,75,75,25,75,75,75,75,100,100,100,100,100,100,75,66,100,75,75,75,75,60,20,20,50,100,50,75,50,50,25,25,50,50,0,25,25,0,0,0,20,0,,,,,,,,,,,,,,20,20,20,20,75,75,50,100,0,75,75,100,100,60,25,50,75,75,0,0,80,20,,,0,25,0,0,0,0,0,0,,0,0,0,100,,,,,,,,,,,,,,,,,,,,,,,25,25,75,25,75,50,25,0,50,25,0,100,25,,75,,25,100,100,50,0,25,100,100,100,50,25,100,75,75,50,80
Southend University Hospital NHS Foundation Trust,RAJ,75,75,100,100,100,100,100,100,75,100,100,75,75,100,100,50,75,50,100,100,100,100,100,100,68,100,100,75,100,100,80,100,20,50,100,50,100,100,100,75,75,100,75,25,75,75,50,50,0,40,,60,100,100,100,100,75,25,60,100,20,80,100,20,60,100,100,100,100,75,100,100,100,100,100,100,100,100,100,100,50,100,100,100,100,80,100,25,100,100,75,100,100,75,0,25,75,75,0,100,100,,0,100,100,50,50,25,25,0,0,100,25,50,100,25,50,100,75,50,50,75,25,50,50,75,50,75,75,75,75,75,25,25,100,0,0,,25,25,100,100,100,100,75,100,100,100,75,75,25,100,100,75,100
Southport and Ormskirk Hospital NHS Trust,RVY,75,75,75,75,100,50,50,75,75,75,75,50,25,50,25,25,25,50,75,75,50,25,75,50,71,75,50,100,25,75,40,100,0,50,100,,100,100,75,75,50,50,25,25,50,25,25,25,0,20,,100,80,40,50,75,75,50,100,100,100,20,100,,0,0,0,0,,,,,,,0,100,0,,75,75,25,50,100,0,100,20,0,25,50,25,50,0,0,0,0,0,0,0,0,0,40,40,50,75,100,50,100,75,75,50,75,75,50,0,50,0,0,,50,50,25,75,50,,,,,,,,,,,,85,0,100,75,75,0,100,75,75,25,50,100,75,75,100,100,100,100,50,100,0
St Helens and Knowsley Hospitals NHS Trust,RBN,100,100,100,100,100,100,100,100,100,100,100,100,75,100,100,100,100,100,100,100,100,100,100,100,80,100,100,75,100,100,100,100,100,0,100,0,100,100,100,100,75,75,25,0,75,75,0,0,0,100,,100,100,100,100,100,100,75,100,100,100,100,0,0,0,100,100,0,100,100,100,100,100,100,100,100,100,100,75,100,100,100,75,20,100,0,,,100,75,100,75,100,0,0,0,0,100,0,100,100,,100,100,100,100,50,100,75,100,75,100,75,0,75,0,0,,100,75,0,100,50,100,75,100,100,100,100,75,25,100,100,100,100,25,75,75,100,0,100,0,100,100,100,100,100,100,100,75,100,100,100,75,80
Stockport NHS Foundation Trust,RWJ,100,100,75,75,100,100,100,100,100,75,75,75,50,100,100,75,75,75,100,100,100,75,75,100,72,100,100,100,75,75,80,100,20,50,100,50,75,50,50,75,75,50,75,25,75,50,75,75,0,100,,100,0,100,100,100,100,50,100,100,100,100,100,0,100,100,100,100,100,75,100,75,0,75,75,100,100,100,100,75,75,100,100,100,100,0,75,100,100,100,100,25,100,100,0,75,100,100,75,75,100,0,25,75,25,25,50,25,25,0,100,100,50,50,100,0,0,50,100,75,0,100,0,75,25,75,75,75,75,75,50,75,100,0,100,25,75,100,100,0,100,100,100,100,100,100,100,100,100,100,100,100,100,50,100
Surrey and Sussex Healthcare NHS Trust,RTP,100,75,100,100,100,100,100,100,100,75,100,100,75,100,75,100,75,100,100,100,100,100,75,100,79,100,100,100,100,100,20,20,20,50,100,50,75,75,75,75,75,75,25,25,50,25,0,0,25,80,,20,60,20,75,100,75,75,80,80,100,100,100,20,40,100,100,80,100,100,100,100,100,100,75,100,100,100,100,100,100,75,0,0,0,0,0,0,0,0,0,0,0,0,0,0,0,0,0,0,100,60,50,75,50,25,100,25,50,25,50,25,25,50,75,50,50,75,75,75,25,100,25,100,50,75,100,100,100,100,100,100,100,50,100,100,50,50,25,75,100,100,50,50,75,100,100,100,100,75,50,75,75,100,100
Tameside Hospital NHS Foundation Trust,RMP,75,75,75,100,100,100,100,100,100,100,100,75,75,100,75,75,75,50,100,75,75,50,50,75,68,100,75,75,50,75,20,20,100,0,0,100,75,75,75,75,75,50,75,75,50,25,,75,0,100,,20,100,60,100,100,100,100,100,100,100,100,100,20,100,100,100,20,100,100,100,100,100,100,100,100,100,20,100,100,75,100,50,0,100,0,50,0,50,50,50,0,0,0,0,50,0,0,0,0,0,0,75,100,25,75,75,25,75,25,75,25,50,50,100,0,0,100,75,50,0,75,25,100,100,75,100,100,75,100,50,100,50,25,100,50,25,75,50,0,75,50,75,25,75,100,75,100,50,50,75,100,75,50,100
Taunton and Somerset NHS Foundation Trust,RBA,100,100,100,100,100,100,100,100,100,100,100,100,75,100,75,100,100,100,100,100,100,100,75,100,88,100,100,75,75,100,40,20,20,50,100,50,75,75,75,75,25,75,75,25,25,0,0,0,0,60,,80,40,20,100,100,100,75,80,100,100,0,0,0,80,100,100,0,100,100,100,75,100,100,100,100,100,20,75,75,25,100,25,0,0,0,0,0,0,0,0,0,0,0,25,0,75,0,0,0,100,100,50,75,0,0,0,0,0,0,25,50,50,75,50,50,0,50,75,50,75,100,0,75,75,50,50,100,50,50,50,75,50,25,100,0,100,75,75,0,100,100,50,25,75,75,100,100,100,75,75,100,100,25,100
Torbay and South Devon NHS Foundation Trust,R1G,100,75,100,75,100,75,100,100,100,100,100,75,100,75,75,75,100,50,75,100,100,100,100,100,76,100,100,75,100,100,40,100,20,50,100,0,75,75,75,50,50,50,25,75,25,75,50,25,50,80,100,20,20,100,0,50,75,75,40,0,0,0,0,0,100,100,0,0,100,100,100,100,40,0,100,100,100,80,75,75,50,100,50,20,20,0,,,25,100,100,100,100,100,75,0,100,100,,100,100,100,25,50,100,50,75,25,0,0,0,75,50,50,100,25,50,100,100,25,0,100,25,50,75,75,75,50,50,75,75,100,75,75,100,0,75,50,25,50,100,100,75,25,75,100,100,100,100,100,100,100,100,75,100
United Lincolnshire Hospitals NHS Trust,RWD,75,75,75,75,100,75,100,100,25,100,100,75,50,100,100,75,100,50,75,75,75,75,75,75,87,75,75,75,75,75,20,100,20,50,50,50,75,25,75,25,0,25,0,0,,,50,0,,40,,60,40,20,75,75,75,75,20,100,100,0,100,,,80,20,,75,75,25,25,60,50,50,100,100,,50,75,50,75,25,0,0,0,0,25,0,0,0,0,0,0,0,0,0,0,0,0,100,,0,75,25,75,25,0,25,25,75,75,0,0,75,0,0,0,50,50,50,75,25,75,50,50,75,50,75,,75,75,,,100,,75,0,75,0,100,75,25,50,25,75,75,75,75,75,75,100,75,100,0
University College London Hospitals NHS Foundation Trust,RRV,75,100,100,50,75,100,100,75,100,75,100,50,25,75,75,75,50,75,100,100,75,50,75,75,71,100,50,75,75,75,60,20,20,50,100,0,75,50,50,25,0,50,25,0,25,0,0,0,0,60,,20,0,100,50,25,50,50,40,60,40,60,20,20,20,80,100,20,75,50,100,100,0,50,50,100,100,100,100,75,50,75,75,100,100,0,,,100,100,100,0,100,100,0,50,75,100,0,0,100,100,25,50,25,0,0,0,0,0,0,50,0,25,25,0,0,0,25,0,0,75,25,50,25,100,25,75,50,25,0,100,50,0,85,0,0,0,0,25,75,75,50,0,25,75,100,100,100,100,75,75,75,25,20
University Hospital Of South Manchester NHS Foundation Trust,RM2,75,75,75,75,100,100,100,100,100,75,75,100,50,75,50,75,0,100,100,100,100,75,75,75,74,75,75,50,75,50,80,60,80,50,100,50,75,75,75,75,50,50,50,50,25,25,75,50,0,60,20,20,20,60,75,25,75,25,0,80,20,80,40,0,80,100,100,100,100,100,100,75,,75,100,100,100,100,75,75,100,100,0,20,100,0,,,25,25,25,0,25,0,0,25,50,0,0,25,100,,25,75,25,75,50,75,50,25,100,75,25,25,50,0,25,75,100,75,25,75,75,75,,75,75,50,75,25,25,75,75,25,100,50,25,25,0,0,100,100,75,50,75,75,100,75,50,50,100,75,100,50,100
University Hospital Southampton NHS Foundation Trust,RHM,100,100,100,100,100,100,100,100,100,100,100,100,100,100,,75,100,100,100,100,100,75,50,100,71,100,75,50,100,25,60,80,40,50,100,50,100,100,75,75,100,100,100,75,100,100,100,100,100,100,,,100,100,100,100,75,100,100,100,60,100,0,,80,100,100,100,100,100,100,100,20,75,75,100,100,100,100,100,100,100,100,100,100,20,100,50,100,75,75,100,75,100,25,25,100,100,0,0,100,100,50,0,100,25,75,100,0,75,75,100,0,75,75,50,75,50,100,50,50,100,50,100,25,100,100,100,75,100,75,100,100,0,100,0,50,100,50,50,100,100,75,100,75,75,75,50,100,50,100,100,75,50,100
University Hospitals Birmingham NHS Foundation Trust,RRK,100,100,100,100,100,100,100,100,100,100,100,100,100,100,100,100,100,100,100,100,100,100,100,100,76,100,100,75,100,75,100,100,0,50,100,,100,100,100,100,100,100,75,0,100,0,75,50,100,20,,100,80,100,75,100,100,100,100,100,100,100,60,0,100,60,100,20,100,75,100,100,60,50,75,100,100,100,100,100,50,100,100,100,100,100,100,100,100,100,100,100,100,100,,100,75,100,100,100,100,100,100,100,100,75,100,100,75,100,100,100,50,75,75,50,100,100,100,100,0,100,50,75,75,100,100,75,100,100,100,100,100,100,100,0,50,100,100,0,100,100,100,75,100,100,100,100,100,100,100,100,100,75,100
University Hospitals Bristol NHS Foundation Trust,RA7,100,100,100,100,100,100,100,100,100,100,100,75,100,100,75,100,100,100,100,100,100,75,75,100,67,75,75,50,75,75,60,20,60,50,50,50,75,75,75,75,75,75,75,75,75,75,100,75,0,80,,60,40,60,100,100,75,75,80,100,100,100,80,60,60,100,100,80,100,75,100,100,20,75,75,100,100,100,100,75,75,100,75,20,100,20,25,25,25,0,0,25,25,0,0,0,25,0,0,0,80,60,75,75,25,50,25,50,25,25,50,75,50,50,75,0,0,50,75,75,25,75,50,75,75,75,75,75,50,75,50,75,75,,100,50,25,75,75,25,100,100,75,75,25,75,100,75,75,75,75,75,50,75,80
University Hospitals Coventry and Warwickshire NHS Trust,RKB,100,75,100,100,100,100,100,100,100,100,100,100,75,100,75,75,100,75,100,75,75,50,100,75,90,100,75,75,75,75,60,100,20,50,100,50,75,50,25,25,25,50,25,0,50,100,0,0,0,60,,40,40,40,100,100,50,25,80,80,100,40,80,20,60,100,100,80,100,50,25,25,100,50,75,100,100,80,100,50,75,75,25,0,100,20,75,0,25,0,0,50,0,0,0,50,50,0,0,100,80,0,25,50,75,50,50,50,50,50,75,100,25,25,75,0,25,75,75,75,0,75,50,75,75,75,100,75,75,100,75,75,100,50,100,0,25,50,50,50,100,100,75,75,75,50,100,100,75,75,100,75,75,75,80
University Hospitals Of Leicester NHS Trust,RWE,100,75,75,50,100,100,100,100,100,100,100,100,100,100,100,100,100,100,75,75,100,100,100,100,90,100,100,100,100,100,20,20,20,50,100,100,100,75,75,50,75,50,75,25,75,75,75,75,25,100,100,80,20,100,50,75,100,75,100,100,100,100,100,100,80,100,100,80,100,100,100,100,20,75,75,100,100,80,100,100,100,100,100,60,60,0,0,50,100,100,100,100,100,100,25,100,75,75,100,100,100,100,25,50,75,50,50,0,0,0,75,100,75,0,50,0,0,0,100,75,100,100,0,75,75,75,75,100,75,75,75,75,100,100,100,25,75,100,100,100,100,100,75,50,75,100,100,100,75,75,50,75,75,75,100
University Hospitals of Morecambe Bay NHS Foundation Trust,RTX,100,100,100,100,100,100,100,100,100,100,100,100,75,100,75,100,100,100,100,100,100,75,100,100,80,100,100,75,100,100,80,40,100,50,50,100,100,100,100,100,100,100,75,25,50,50,50,25,0,60,,40,20,20,100,100,100,100,100,100,80,100,100,80,60,80,80,20,100,100,100,75,20,100,75,100,100,100,100,100,0,75,25,0,0,20,,,25,25,25,100,25,25,25,100,25,25,25,25,100,,100,100,0,75,25,75,0,50,100,75,75,75,100,0,0,100,100,100,0,75,50,100,0,100,100,75,50,75,75,100,75,50,100,50,25,100,75,0,100,100,100,75,100,100,100,100,100,100,75,100,100,75,100
University Hospitals of North Midlands NHS Trust,RJE,100,100,100,100,100,100,100,100,100,100,100,100,100,100,75,100,100,75,100,100,100,75,100,100,85,100,100,75,100,75,80,80,60,50,50,50,100,100,100,75,75,75,25,25,50,75,0,0,0,40,,60,100,80,100,100,75,100,80,100,100,100,100,100,80,100,100,100,100,100,100,75,100,100,100,100,100,100,100,100,75,100,25,20,20,20,25,25,25,25,25,0,0,0,0,0,0,0,0,0,100,40,75,100,75,100,100,0,75,50,0,0,0,75,75,0,0,75,100,100,25,100,50,25,25,100,100,100,100,75,75,75,75,100,100,0,100,75,25,25,100,100,75,25,75,100,100,100,100,100,100,100,100,0,100
Walsall Healthcare NHS Trust,RBK,50,,100,75,100,75,100,50,100,100,100,50,50,100,75,100,100,25,75,100,75,75,75,100,75,75,100,75,50,50,20,80,40,0,100,50,100,100,100,75,75,75,75,75,75,75,75,75,,,100,60,20,100,75,75,75,75,100,100,80,100,100,,80,100,100,80,100,100,100,100,100,75,75,100,100,100,100,100,75,75,75,0,0,0,0,,,,,,0,0,,75,75,,,,80,20,75,75,75,75,75,50,50,75,75,75,,50,50,50,,50,100,75,25,75,25,75,75,50,75,100,75,75,75,75,,,85,75,50,75,25,,100,75,75,25,75,100,100,100,75,25,100,75,75,75,80
Walton Centre NHS Foundation Trust,RET,100,100,100,100,100,100,100,100,100,100,100,100,75,100,100,100,100,100,100,100,100,100,100,100,88,100,100,100,100,100,40,80,60,100,100,100,100,100,75,75,100,50,25,25,50,50,25,25,25,40,,80,80,40,50,50,100,75,20,20,20,0,40,60,,0,100,0,,,,,80,,50,100,100,80,100,100,75,100,100,100,100,0,100,0,50,100,100,25,100,100,0,0,0,0,,,,0,50,75,75,25,50,25,75,75,75,75,75,75,100,50,75,100,100,75,75,50,50,50,50,75,75,100,50,75,75,100,100,50,100,50,50,50,50,50,75,75,75,50,50,100,100,100,100,75,100,100,100,100,0
Warrington and Halton Hospitals NHS Foundation Trust,RWW,100,100,100,100,100,100,100,100,100,100,100,100,100,100,100,100,100,100,100,100,100,100,100,100,64,100,100,100,100,100,60,20,40,50,100,100,100,100,100,100,100,100,25,25,25,25,50,25,25,20,,100,100,100,100,100,100,100,100,100,0,100,100,40,100,100,100,100,100,100,100,100,100,100,100,100,100,100,100,100,100,100,100,0,100,0,0,0,0,100,100,100,0,0,0,0,0,0,,0,100,,0,100,0,75,100,0,100,100,100,100,0,25,0,0,25,25,100,100,0,100,0,100,100,100,100,100,100,100,100,100,100,0,100,0,100,100,0,0,100,100,100,100,100,100,100,100,100,100,100,100,100,100,100
West Hertfordshire Hospitals NHS Trust,RWG,50,,50,50,75,75,100,100,75,75,25,50,25,100,75,75,50,75,75,75,50,25,75,25,71,75,100,75,75,25,20,0,0,50,,,25,25,0,25,25,0,50,25,25,0,0,0,0,20,,20,0,100,75,75,75,25,60,,,,,,20,20,60,0,75,75,25,75,,75,50,100,100,40,75,50,0,75,75,0,0,0,,,,,,,0,0,0,0,0,,,,,,0,25,0,0,,0,0,25,0,0,25,25,75,0,0,,50,0,0,75,0,75,,25,25,75,75,50,50,75,,,100,0,25,,25,0,75,100,25,75,0,50,75,100,25,50,25,75,25,25,80
West Suffolk NHS Foundation Trust,RGR,100,100,100,75,75,100,100,100,100,100,100,100,75,100,100,75,100,100,100,100,75,75,75,100,78,100,75,75,75,75,80,60,60,50,50,100,25,50,0,25,0,0,100,25,75,0,75,75,0,80,,40,40,80,0,75,50,25,80,100,100,100,100,0,80,100,100,100,100,100,100,100,80,100,100,80,100,40,75,75,75,75,25,80,100,60,75,25,100,75,75,100,0,75,100,75,75,75,75,25,100,100,100,100,100,0,25,0,0,25,75,50,75,25,50,0,0,25,75,25,0,75,75,0,0,0,0,50,25,75,75,25,25,25,85,100,25,25,25,25,100,100,75,25,75,100,100,100,75,75,25,75,75,50,40
Western Sussex Hospitals NHS Foundation Trust,RYR,100,100,100,100,100,75,100,100,100,75,100,75,75,100,100,75,100,75,100,100,100,75,100,100,79,75,100,75,75,75,20,100,20,100,100,50,100,75,75,75,100,50,50,50,75,25,100,0,0,80,,20,20,100,25,100,100,100,100,80,100,100,80,80,20,40,0,0,100,100,100,,100,25,25,100,100,20,75,100,100,100,100,100,100,0,100,100,100,100,100,100,100,100,0,100,100,100,100,75,100,100,100,100,100,0,100,75,75,100,75,25,25,25,100,25,25,25,25,75,25,100,25,75,75,100,100,75,100,100,100,100,100,75,100,75,100,100,100,100,100,100,75,100,100,100,100,100,100,100,100,100,100,75,20
Weston Area Health NHS Trust,RA3,25,,75,75,100,75,100,100,75,50,75,50,50,25,25,25,25,50,50,75,75,25,50,75,73,75,75,50,100,75,20,0,0,0,,,25,50,25,50,0,25,75,75,75,75,75,0,0,80,,0,,100,75,75,75,25,20,80,0,100,80,,60,100,100,0,75,75,75,0,100,50,100,100,100,0,100,100,100,100,50,0,0,0,25,25,25,25,25,0,0,0,0,25,25,25,25,25,100,100,0,0,0,0,0,0,0,0,0,0,0,25,75,0,0,0,25,0,25,75,0,25,25,50,75,75,50,100,75,50,25,25,100,0,25,25,50,0,50,100,50,0,0,75,75,75,75,75,75,75,50,75,100
Whittington Health NHS Trust,RKE,100,100,100,100,100,100,100,100,100,100,100,75,50,100,50,75,75,100,100,100,100,25,75,50,74,100,100,75,100,100,80,20,40,50,50,50,75,75,75,50,75,75,75,50,50,50,50,50,0,60,100,20,40,100,100,75,100,75,100,100,100,100,0,80,80,100,100,100,100,100,100,100,0,75,75,100,100,100,75,100,75,75,75,100,100,60,75,50,75,100,75,100,75,50,0,75,100,50,0,75,100,100,75,75,0,25,50,50,0,25,75,75,75,25,25,25,0,0,75,50,75,75,25,50,,100,100,75,75,100,75,100,100,0,85,0,0,50,,0,100,100,100,75,75,75,100,75,100,75,75,75,75,0,60
Wirral University Teaching Hospital NHS Foundation Trust,RBL,100,100,100,100,100,100,100,100,100,100,100,100,100,100,100,100,100,100,100,100,75,100,100,75,74,100,100,100,100,100,100,100,80,100,100,100,100,100,100,100,100,100,75,25,75,75,75,75,50,100,,80,100,100,100,100,100,100,100,100,100,100,100,80,100,100,100,100,100,100,100,100,100,100,100,100,100,100,100,100,100,100,100,100,100,0,75,25,100,100,100,100,100,100,75,75,100,100,25,75,100,,75,100,100,100,100,100,100,75,100,100,100,50,100,50,50,50,100,75,50,100,100,100,100,100,100,100,100,100,100,100,75,75,100,100,100,100,75,75,100,100,100,100,75,100,100,100,100,100,100,100,100,100,100
Worcestershire Acute Hospitals NHS Trust,RWP,75,100,100,100,100,75,100,25,,100,100,100,100,100,100,100,100,100,100,100,100,100,100,100,66,100,100,100,100,100,100,100,100,0,0,0,50,50,25,25,25,25,25,25,25,25,0,0,0,100,,0,0,60,75,75,75,50,80,80,100,100,60,0,20,100,100,20,75,100,100,,0,25,75,100,100,100,100,75,100,75,0,0,100,0,,,0,0,0,0,0,0,0,0,0,0,0,0,60,100,25,50,25,75,0,0,25,25,75,50,0,0,75,0,25,75,75,25,50,75,25,75,50,50,75,75,50,75,50,75,75,25,100,0,75,100,100,50,100,25,50,25,25,75,75,100,100,25,100,75,75,25,0
"Wrightington, Wigan and Leigh NHS Foundation Trust",RRF,75,75,75,75,100,75,100,75,100,75,100,75,50,100,75,75,50,50,75,100,100,75,100,75,87,100,100,75,75,75,80,80,60,50,100,50,100,100,100,100,75,100,25,0,50,50,75,25,0,80,,60,20,60,75,75,100,100,60,80,100,100,80,40,60,100,100,40,100,100,75,75,80,100,100,100,100,60,100,100,100,100,100,100,100,0,,,75,100,100,75,100,50,25,100,75,,,,0,0,75,100,75,75,0,0,50,75,50,100,75,50,75,0,0,50,75,50,25,100,25,100,50,100,100,75,50,50,50,100,75,75,100,25,100,100,100,0,100,100,100,75,100,100,100,100,75,100,100,100,100,100,100
Wye Valley NHS Trust,RLQ,75,75,75,75,100,100,75,100,100,75,75,50,0,50,50,75,50,50,100,75,75,50,75,75,84,75,75,25,75,25,40,0,0,50,,,50,25,50,25,0,25,0,0,0,0,0,0,0,60,60,0,0,20,0,25,25,25,0,100,100,100,0,,80,0,0,0,,,,,100,,0,100,100,20,50,75,0,75,75,0,100,20,0,25,75,25,25,0,0,0,0,0,75,0,0,0,100,100,25,75,25,25,0,25,0,0,75,25,100,25,25,25,25,25,75,50,0,75,0,75,75,75,75,75,75,100,,100,100,,100,0,,50,75,0,75,0,50,0,25,100,100,75,50,75,75,75,50,75,80
Yeovil District Hospital NHS Foundation Trust,RA4,100,100,100,100,100,100,100,100,100,100,100,100,75,100,100,100,100,100,100,100,100,75,100,100,81,100,100,75,100,75,40,100,20,50,100,50,75,75,75,75,75,75,50,25,50,25,0,0,0,100,,80,20,100,100,100,100,100,100,80,20,100,20,20,40,100,0,20,75,75,75,25,20,50,75,100,100,100,75,75,25,75,25,0,0,20,0,0,25,25,25,0,0,0,0,75,75,0,0,25,100,0,75,75,75,75,25,0,0,25,100,75,25,50,75,50,50,75,100,100,25,100,0,75,75,100,100,75,75,75,50,75,75,75,100,50,75,100,100,75,100,100,75,75,75,75,100,100,75,50,75,75,100,100,100
York Teaching Hospital NHS Foundation Trust,RCB,100,75,75,100,75,100,100,100,100,75,100,75,75,100,75,75,75,75,75,75,100,100,75,75,75,75,100,75,75,100,60,100,40,50,100,50,100,100,100,75,100,75,75,75,75,75,75,50,0,80,100,100,100,100,100,100,100,100,100,100,100,100,100,60,80,100,80,80,100,100,100,100,0,75,100,100,100,100,100,100,100,100,75,20,100,20,25,0,25,25,25,50,0,0,0,25,75,0,0,25,100,,50,75,100,75,75,75,75,75,100,100,100,75,100,0,25,25,100,100,25,100,25,,,100,100,100,100,100,100,100,100,75,100,50,75,75,50,0,100,100,75,100,75,100,75,75,100,75,75,100,75,50,100
